Sample,Condition,Tracer,compound,datatype,value
C9 Trac1,Control,13C6 Nutrient1,Fructose-6-phosphate,Abund,138475153.7
C9 Trac1,Control,13C6 Nutrient1,Fructose-6-phosphate,NormAbund,138475153.7
C9 Trac1,Control,13C6 Nutrient1,Galactose-1-phosphate,Abund,1050991827
C9 Trac1,Control,13C6 Nutrient1,Galactose-1-phosphate,NormAbund,1050991827
C9 Trac1,Control,13C6 Nutrient1,Galactose-6-phosphate,Abund,568700.7992
C9 Trac1,Control,13C6 Nutrient1,Galactose-6-phosphate,NormAbund,568700.7992
C9 Trac1,Control,13C6 Nutrient1,Glucose-1-phosphate,Abund,88731562.23
C9 Trac1,Control,13C6 Nutrient1,Glucose-1-phosphate,NormAbund,88731562.23
C9 Trac1,Control,13C6 Nutrient1,Glucose-6-phosphate,Abund,10900266.71
C9 Trac1,Control,13C6 Nutrient1,Glucose-6-phosphate,NormAbund,10900266.71
C9 Trac1,Control,13C6 Nutrient1,Mannose-1-phosphate,Abund,952988.2949
C9 Trac1,Control,13C6 Nutrient1,Mannose-1-phosphate,NormAbund,952988.2949
C9 Trac1,Control,13C6 Nutrient1,Mannose-6-phosphate,Abund,2619173.731
C9 Trac1,Control,13C6 Nutrient1,Mannose-6-phosphate,NormAbund,2619173.731
C9 Trac1,Control,13C6 Nutrient1,"Fructose 1,6-bisphosphate",Abund,24590738.64
C9 Trac1,Control,13C6 Nutrient1,"Fructose 1,6-bisphosphate",NormAbund,24590738.64
C9 Trac1,Control,13C6 Nutrient1,"Fructose 2,6-bisphosphate possibly1",Abund,992268.7043
C9 Trac1,Control,13C6 Nutrient1,"Fructose 2,6-bisphosphate possibly1",NormAbund,992268.7043
C9 Trac1,Control,13C6 Nutrient1,"Glucose 1,6-bisphosphate",Abund,6130127.293
C9 Trac1,Control,13C6 Nutrient1,"Glucose 1,6-bisphosphate",NormAbund,6130127.293
C9 Trac1,Control,13C6 Nutrient1,Uridine diphosphate-N-acetylglucosamine,Abund,105101358.3
C9 Trac1,Control,13C6 Nutrient1,Uridine diphosphate-N-acetylglucosamine,NormAbund,105101358.3
C9 Trac1,Control,13C6 Nutrient1,Uridine diphosphate glucuronic acid,Abund,20852506.07
C9 Trac1,Control,13C6 Nutrient1,Uridine diphosphate glucuronic acid,NormAbund,20852506.07
C9 Trac1,Control,13C6 Nutrient1,Uridine diphosphate hexose,Abund,150097843.3
C9 Trac1,Control,13C6 Nutrient1,Uridine diphosphate hexose,NormAbund,150097843.3
C9 Trac1,Control,13C6 Nutrient1,GDP-Fucose,Abund,2585984.193
C9 Trac1,Control,13C6 Nutrient1,GDP-Fucose,NormAbund,2585984.193
C9 Trac2,Control,13C6 Nutrient2,Fructose-6-phosphate,Abund,145703978.6
C9 Trac2,Control,13C6 Nutrient2,Fructose-6-phosphate,NormAbund,145703978.6
C9 Trac2,Control,13C6 Nutrient2,Galactose-1-phosphate,Abund,1231045638
C9 Trac2,Control,13C6 Nutrient2,Galactose-1-phosphate,NormAbund,1231045638
C9 Trac2,Control,13C6 Nutrient2,Galactose-6-phosphate,Abund,727346.0291
C9 Trac2,Control,13C6 Nutrient2,Galactose-6-phosphate,NormAbund,727346.0291
C9 Trac2,Control,13C6 Nutrient2,Glucose-1-phosphate,Abund,101708134.7
C9 Trac2,Control,13C6 Nutrient2,Glucose-1-phosphate,NormAbund,101708134.7
C9 Trac2,Control,13C6 Nutrient2,Glucose-6-phosphate,Abund,13486283.12
C9 Trac2,Control,13C6 Nutrient2,Glucose-6-phosphate,NormAbund,13486283.12
C9 Trac2,Control,13C6 Nutrient2,Mannose-1-phosphate,Abund,936021.6122
C9 Trac2,Control,13C6 Nutrient2,Mannose-1-phosphate,NormAbund,936021.6122
C9 Trac2,Control,13C6 Nutrient2,Mannose-6-phosphate,Abund,2735036.267
C9 Trac2,Control,13C6 Nutrient2,Mannose-6-phosphate,NormAbund,2735036.267
C9 Trac2,Control,13C6 Nutrient2,"Fructose 1,6-bisphosphate",Abund,25496843.07
C9 Trac2,Control,13C6 Nutrient2,"Fructose 1,6-bisphosphate",NormAbund,25496843.07
C9 Trac2,Control,13C6 Nutrient2,"Fructose 2,6-bisphosphate possibly1",Abund,1165143.414
C9 Trac2,Control,13C6 Nutrient2,"Fructose 2,6-bisphosphate possibly1",NormAbund,1165143.414
C9 Trac2,Control,13C6 Nutrient2,"Glucose 1,6-bisphosphate",Abund,7105555.074
C9 Trac2,Control,13C6 Nutrient2,"Glucose 1,6-bisphosphate",NormAbund,7105555.074
C9 Trac2,Control,13C6 Nutrient2,Uridine diphosphate-N-acetylglucosamine,Abund,127300509.8
C9 Trac2,Control,13C6 Nutrient2,Uridine diphosphate-N-acetylglucosamine,NormAbund,127300509.8
C9 Trac2,Control,13C6 Nutrient2,Uridine diphosphate glucuronic acid,Abund,24843973.76
C9 Trac2,Control,13C6 Nutrient2,Uridine diphosphate glucuronic acid,NormAbund,24843973.76
C9 Trac2,Control,13C6 Nutrient2,Uridine diphosphate hexose,Abund,177025390.5
C9 Trac2,Control,13C6 Nutrient2,Uridine diphosphate hexose,NormAbund,177025390.5
C9 Trac2,Control,13C6 Nutrient2,GDP-Fucose,Abund,3774798.453
C9 Trac2,Control,13C6 Nutrient2,GDP-Fucose,NormAbund,3774798.453
C17 Trac1,Control,13C6 Nutrient1,Fructose-6-phosphate,Abund,107767454.9
C17 Trac1,Control,13C6 Nutrient1,Fructose-6-phosphate,NormAbund,107767454.9
C17 Trac1,Control,13C6 Nutrient1,Galactose-1-phosphate,Abund,675164110.2
C17 Trac1,Control,13C6 Nutrient1,Galactose-1-phosphate,NormAbund,675164110.2
C17 Trac1,Control,13C6 Nutrient1,Galactose-6-phosphate,Abund,655520.628
C17 Trac1,Control,13C6 Nutrient1,Galactose-6-phosphate,NormAbund,655520.628
C17 Trac1,Control,13C6 Nutrient1,Glucose-1-phosphate,Abund,66335869.51
C17 Trac1,Control,13C6 Nutrient1,Glucose-1-phosphate,NormAbund,66335869.51
C17 Trac1,Control,13C6 Nutrient1,Glucose-6-phosphate,Abund,7655130.695
C17 Trac1,Control,13C6 Nutrient1,Glucose-6-phosphate,NormAbund,7655130.695
C17 Trac1,Control,13C6 Nutrient1,Mannose-1-phosphate,Abund,286815.4373
C17 Trac1,Control,13C6 Nutrient1,Mannose-1-phosphate,NormAbund,286815.4373
C17 Trac1,Control,13C6 Nutrient1,Mannose-6-phosphate,Abund,1160835.228
C17 Trac1,Control,13C6 Nutrient1,Mannose-6-phosphate,NormAbund,1160835.228
C17 Trac1,Control,13C6 Nutrient1,"Fructose 1,6-bisphosphate",Abund,9034237.646
C17 Trac1,Control,13C6 Nutrient1,"Fructose 1,6-bisphosphate",NormAbund,9034237.646
C17 Trac1,Control,13C6 Nutrient1,"Fructose 2,6-bisphosphate possibly1",Abund,841043.4267
C17 Trac1,Control,13C6 Nutrient1,"Fructose 2,6-bisphosphate possibly1",NormAbund,841043.4267
C17 Trac1,Control,13C6 Nutrient1,"Glucose 1,6-bisphosphate",Abund,6444487.849
C17 Trac1,Control,13C6 Nutrient1,"Glucose 1,6-bisphosphate",NormAbund,6444487.849
C17 Trac1,Control,13C6 Nutrient1,Uridine diphosphate-N-acetylglucosamine,Abund,86104753.54
C17 Trac1,Control,13C6 Nutrient1,Uridine diphosphate-N-acetylglucosamine,NormAbund,86104753.54
C17 Trac1,Control,13C6 Nutrient1,Uridine diphosphate glucuronic acid,Abund,15548394.41
C17 Trac1,Control,13C6 Nutrient1,Uridine diphosphate glucuronic acid,NormAbund,15548394.41
C17 Trac1,Control,13C6 Nutrient1,Uridine diphosphate hexose,Abund,121360728.9
C17 Trac1,Control,13C6 Nutrient1,Uridine diphosphate hexose,NormAbund,121360728.9
C17 Trac1,Control,13C6 Nutrient1,GDP-Fucose,Abund,2188916.048
C17 Trac1,Control,13C6 Nutrient1,GDP-Fucose,NormAbund,2188916.048
C17 Trac2,Control,13C6 Nutrient2,Fructose-6-phosphate,Abund,92652966.85
C17 Trac2,Control,13C6 Nutrient2,Fructose-6-phosphate,NormAbund,92652966.85
C17 Trac2,Control,13C6 Nutrient2,Galactose-1-phosphate,Abund,902797021.1
C17 Trac2,Control,13C6 Nutrient2,Galactose-1-phosphate,NormAbund,902797021.1
C17 Trac2,Control,13C6 Nutrient2,Galactose-6-phosphate,Abund,855011.0694
C17 Trac2,Control,13C6 Nutrient2,Galactose-6-phosphate,NormAbund,855011.0694
C17 Trac2,Control,13C6 Nutrient2,Glucose-1-phosphate,Abund,83770672.28
C17 Trac2,Control,13C6 Nutrient2,Glucose-1-phosphate,NormAbund,83770672.28
C17 Trac2,Control,13C6 Nutrient2,Glucose-6-phosphate,Abund,8754256.695
C17 Trac2,Control,13C6 Nutrient2,Glucose-6-phosphate,NormAbund,8754256.695
C17 Trac2,Control,13C6 Nutrient2,Mannose-1-phosphate,Abund,295881.1853
C17 Trac2,Control,13C6 Nutrient2,Mannose-1-phosphate,NormAbund,295881.1853
C17 Trac2,Control,13C6 Nutrient2,Mannose-6-phosphate,Abund,1467210.45
C17 Trac2,Control,13C6 Nutrient2,Mannose-6-phosphate,NormAbund,1467210.45
C17 Trac2,Control,13C6 Nutrient2,"Fructose 1,6-bisphosphate",Abund,11502822.49
C17 Trac2,Control,13C6 Nutrient2,"Fructose 1,6-bisphosphate",NormAbund,11502822.49
C17 Trac2,Control,13C6 Nutrient2,"Fructose 2,6-bisphosphate possibly1",Abund,1360141.631
C17 Trac2,Control,13C6 Nutrient2,"Fructose 2,6-bisphosphate possibly1",NormAbund,1360141.631
C17 Trac2,Control,13C6 Nutrient2,"Glucose 1,6-bisphosphate",Abund,9601856.997
C17 Trac2,Control,13C6 Nutrient2,"Glucose 1,6-bisphosphate",NormAbund,9601856.997
C17 Trac2,Control,13C6 Nutrient2,Uridine diphosphate-N-acetylglucosamine,Abund,124579378.1
C17 Trac2,Control,13C6 Nutrient2,Uridine diphosphate-N-acetylglucosamine,NormAbund,124579378.1
C17 Trac2,Control,13C6 Nutrient2,Uridine diphosphate glucuronic acid,Abund,21953211.94
C17 Trac2,Control,13C6 Nutrient2,Uridine diphosphate glucuronic acid,NormAbund,21953211.94
C17 Trac2,Control,13C6 Nutrient2,Uridine diphosphate hexose,Abund,168660931.9
C17 Trac2,Control,13C6 Nutrient2,Uridine diphosphate hexose,NormAbund,168660931.9
C17 Trac2,Control,13C6 Nutrient2,GDP-Fucose,Abund,4096038.89
C17 Trac2,Control,13C6 Nutrient2,GDP-Fucose,NormAbund,4096038.89
C6 Trac1,Control,13C6 Nutrient1,Fructose-6-phosphate,Abund,101998141.6
C6 Trac1,Control,13C6 Nutrient1,Fructose-6-phosphate,NormAbund,101998141.6
C6 Trac1,Control,13C6 Nutrient1,Galactose-1-phosphate,Abund,531616289.4
C6 Trac1,Control,13C6 Nutrient1,Galactose-1-phosphate,NormAbund,531616289.4
C6 Trac1,Control,13C6 Nutrient1,Galactose-6-phosphate,Abund,472989.5399
C6 Trac1,Control,13C6 Nutrient1,Galactose-6-phosphate,NormAbund,472989.5399
C6 Trac1,Control,13C6 Nutrient1,Glucose-1-phosphate,Abund,67668115.26
C6 Trac1,Control,13C6 Nutrient1,Glucose-1-phosphate,NormAbund,67668115.26
C6 Trac1,Control,13C6 Nutrient1,Glucose-6-phosphate,Abund,3815830.84
C6 Trac1,Control,13C6 Nutrient1,Glucose-6-phosphate,NormAbund,3815830.84
C6 Trac1,Control,13C6 Nutrient1,Mannose-1-phosphate,Abund,43053.56776
C6 Trac1,Control,13C6 Nutrient1,Mannose-1-phosphate,NormAbund,43053.56776
C6 Trac1,Control,13C6 Nutrient1,Mannose-6-phosphate,Abund,131409.333
C6 Trac1,Control,13C6 Nutrient1,Mannose-6-phosphate,NormAbund,131409.333
C6 Trac1,Control,13C6 Nutrient1,"Fructose 1,6-bisphosphate",Abund,3009120.735
C6 Trac1,Control,13C6 Nutrient1,"Fructose 1,6-bisphosphate",NormAbund,3009120.735
C6 Trac1,Control,13C6 Nutrient1,"Fructose 2,6-bisphosphate possibly1",Abund,998687.5702
C6 Trac1,Control,13C6 Nutrient1,"Fructose 2,6-bisphosphate possibly1",NormAbund,998687.5702
C6 Trac1,Control,13C6 Nutrient1,"Glucose 1,6-bisphosphate",Abund,6948438.003
C6 Trac1,Control,13C6 Nutrient1,"Glucose 1,6-bisphosphate",NormAbund,6948438.003
C6 Trac1,Control,13C6 Nutrient1,Uridine diphosphate-N-acetylglucosamine,Abund,86608904.11
C6 Trac1,Control,13C6 Nutrient1,Uridine diphosphate-N-acetylglucosamine,NormAbund,86608904.11
C6 Trac1,Control,13C6 Nutrient1,Uridine diphosphate glucuronic acid,Abund,30333229.59
C6 Trac1,Control,13C6 Nutrient1,Uridine diphosphate glucuronic acid,NormAbund,30333229.59
C6 Trac1,Control,13C6 Nutrient1,Uridine diphosphate hexose,Abund,114269729.6
C6 Trac1,Control,13C6 Nutrient1,Uridine diphosphate hexose,NormAbund,114269729.6
C6 Trac1,Control,13C6 Nutrient1,GDP-Fucose,Abund,1163315.056
C6 Trac1,Control,13C6 Nutrient1,GDP-Fucose,NormAbund,1163315.056
C6 Trac2,Control,13C6 Nutrient2,Fructose-6-phosphate,Abund,88915762.71
C6 Trac2,Control,13C6 Nutrient2,Fructose-6-phosphate,NormAbund,88915762.71
C6 Trac2,Control,13C6 Nutrient2,Galactose-1-phosphate,Abund,532404280.1
C6 Trac2,Control,13C6 Nutrient2,Galactose-1-phosphate,NormAbund,532404280.1
C6 Trac2,Control,13C6 Nutrient2,Galactose-6-phosphate,Abund,478994.6101
C6 Trac2,Control,13C6 Nutrient2,Galactose-6-phosphate,NormAbund,478994.6101
C6 Trac2,Control,13C6 Nutrient2,Glucose-1-phosphate,Abund,65753328.87
C6 Trac2,Control,13C6 Nutrient2,Glucose-1-phosphate,NormAbund,65753328.87
C6 Trac2,Control,13C6 Nutrient2,Glucose-6-phosphate,Abund,2404442.911
C6 Trac2,Control,13C6 Nutrient2,Glucose-6-phosphate,NormAbund,2404442.911
C6 Trac2,Control,13C6 Nutrient2,Mannose-1-phosphate,Abund,0
C6 Trac2,Control,13C6 Nutrient2,Mannose-1-phosphate,NormAbund,0
C6 Trac2,Control,13C6 Nutrient2,Mannose-6-phosphate,Abund,181776.9008
C6 Trac2,Control,13C6 Nutrient2,Mannose-6-phosphate,NormAbund,181776.9008
C6 Trac2,Control,13C6 Nutrient2,"Fructose 1,6-bisphosphate",Abund,2234776.64
C6 Trac2,Control,13C6 Nutrient2,"Fructose 1,6-bisphosphate",NormAbund,2234776.64
C6 Trac2,Control,13C6 Nutrient2,"Fructose 2,6-bisphosphate possibly1",Abund,937856.7681
C6 Trac2,Control,13C6 Nutrient2,"Fructose 2,6-bisphosphate possibly1",NormAbund,937856.7681
C6 Trac2,Control,13C6 Nutrient2,"Glucose 1,6-bisphosphate",Abund,6712050.759
C6 Trac2,Control,13C6 Nutrient2,"Glucose 1,6-bisphosphate",NormAbund,6712050.759
C6 Trac2,Control,13C6 Nutrient2,Uridine diphosphate-N-acetylglucosamine,Abund,94028469.98
C6 Trac2,Control,13C6 Nutrient2,Uridine diphosphate-N-acetylglucosamine,NormAbund,94028469.98
C6 Trac2,Control,13C6 Nutrient2,Uridine diphosphate glucuronic acid,Abund,31760158.96
C6 Trac2,Control,13C6 Nutrient2,Uridine diphosphate glucuronic acid,NormAbund,31760158.96
C6 Trac2,Control,13C6 Nutrient2,Uridine diphosphate hexose,Abund,117016065.9
C6 Trac2,Control,13C6 Nutrient2,Uridine diphosphate hexose,NormAbund,117016065.9
C6 Trac2,Control,13C6 Nutrient2,GDP-Fucose,Abund,1606392.59
C6 Trac2,Control,13C6 Nutrient2,GDP-Fucose,NormAbund,1606392.59
C11 Trac1,Control,13C6 Nutrient1,Fructose-6-phosphate,Abund,92765211.22
C11 Trac1,Control,13C6 Nutrient1,Fructose-6-phosphate,NormAbund,92765211.22
C11 Trac1,Control,13C6 Nutrient1,Galactose-1-phosphate,Abund,786267907.9
C11 Trac1,Control,13C6 Nutrient1,Galactose-1-phosphate,NormAbund,786267907.9
C11 Trac1,Control,13C6 Nutrient1,Galactose-6-phosphate,Abund,98132.94368
C11 Trac1,Control,13C6 Nutrient1,Galactose-6-phosphate,NormAbund,98132.94368
C11 Trac1,Control,13C6 Nutrient1,Glucose-1-phosphate,Abund,64095204.93
C11 Trac1,Control,13C6 Nutrient1,Glucose-1-phosphate,NormAbund,64095204.93
C11 Trac1,Control,13C6 Nutrient1,Glucose-6-phosphate,Abund,6433450.654
C11 Trac1,Control,13C6 Nutrient1,Glucose-6-phosphate,NormAbund,6433450.654
C11 Trac1,Control,13C6 Nutrient1,Mannose-1-phosphate,Abund,289433.652
C11 Trac1,Control,13C6 Nutrient1,Mannose-1-phosphate,NormAbund,289433.652
C11 Trac1,Control,13C6 Nutrient1,Mannose-6-phosphate,Abund,1690105.263
C11 Trac1,Control,13C6 Nutrient1,Mannose-6-phosphate,NormAbund,1690105.263
C11 Trac1,Control,13C6 Nutrient1,"Fructose 1,6-bisphosphate",Abund,13640089.49
C11 Trac1,Control,13C6 Nutrient1,"Fructose 1,6-bisphosphate",NormAbund,13640089.49
C11 Trac1,Control,13C6 Nutrient1,"Fructose 2,6-bisphosphate possibly1",Abund,1184026.692
C11 Trac1,Control,13C6 Nutrient1,"Fructose 2,6-bisphosphate possibly1",NormAbund,1184026.692
C11 Trac1,Control,13C6 Nutrient1,"Glucose 1,6-bisphosphate",Abund,5628299.282
C11 Trac1,Control,13C6 Nutrient1,"Glucose 1,6-bisphosphate",NormAbund,5628299.282
C11 Trac1,Control,13C6 Nutrient1,Uridine diphosphate-N-acetylglucosamine,Abund,124312201.9
C11 Trac1,Control,13C6 Nutrient1,Uridine diphosphate-N-acetylglucosamine,NormAbund,124312201.9
C11 Trac1,Control,13C6 Nutrient1,Uridine diphosphate glucuronic acid,Abund,15540515.78
C11 Trac1,Control,13C6 Nutrient1,Uridine diphosphate glucuronic acid,NormAbund,15540515.78
C11 Trac1,Control,13C6 Nutrient1,Uridine diphosphate hexose,Abund,132010078.6
C11 Trac1,Control,13C6 Nutrient1,Uridine diphosphate hexose,NormAbund,132010078.6
C11 Trac1,Control,13C6 Nutrient1,GDP-Fucose,Abund,2665653.365
C11 Trac1,Control,13C6 Nutrient1,GDP-Fucose,NormAbund,2665653.365
C11 Trac2,Control,13C6 Nutrient2,Fructose-6-phosphate,Abund,69446424.17
C11 Trac2,Control,13C6 Nutrient2,Fructose-6-phosphate,NormAbund,69446424.17
C11 Trac2,Control,13C6 Nutrient2,Galactose-1-phosphate,Abund,925266647.8
C11 Trac2,Control,13C6 Nutrient2,Galactose-1-phosphate,NormAbund,925266647.8
C11 Trac2,Control,13C6 Nutrient2,Galactose-6-phosphate,Abund,173183.4091
C11 Trac2,Control,13C6 Nutrient2,Galactose-6-phosphate,NormAbund,173183.4091
C11 Trac2,Control,13C6 Nutrient2,Glucose-1-phosphate,Abund,71951707.67
C11 Trac2,Control,13C6 Nutrient2,Glucose-1-phosphate,NormAbund,71951707.67
C11 Trac2,Control,13C6 Nutrient2,Glucose-6-phosphate,Abund,6805897.592
C11 Trac2,Control,13C6 Nutrient2,Glucose-6-phosphate,NormAbund,6805897.592
C11 Trac2,Control,13C6 Nutrient2,Mannose-1-phosphate,Abund,222275.177
C11 Trac2,Control,13C6 Nutrient2,Mannose-1-phosphate,NormAbund,222275.177
C11 Trac2,Control,13C6 Nutrient2,Mannose-6-phosphate,Abund,1905154.995
C11 Trac2,Control,13C6 Nutrient2,Mannose-6-phosphate,NormAbund,1905154.995
C11 Trac2,Control,13C6 Nutrient2,"Fructose 1,6-bisphosphate",Abund,13947813.27
C11 Trac2,Control,13C6 Nutrient2,"Fructose 1,6-bisphosphate",NormAbund,13947813.27
C11 Trac2,Control,13C6 Nutrient2,"Fructose 2,6-bisphosphate possibly1",Abund,1439213.202
C11 Trac2,Control,13C6 Nutrient2,"Fructose 2,6-bisphosphate possibly1",NormAbund,1439213.202
C11 Trac2,Control,13C6 Nutrient2,"Glucose 1,6-bisphosphate",Abund,7138459.101
C11 Trac2,Control,13C6 Nutrient2,"Glucose 1,6-bisphosphate",NormAbund,7138459.101
C11 Trac2,Control,13C6 Nutrient2,Uridine diphosphate-N-acetylglucosamine,Abund,161625000.2
C11 Trac2,Control,13C6 Nutrient2,Uridine diphosphate-N-acetylglucosamine,NormAbund,161625000.2
C11 Trac2,Control,13C6 Nutrient2,Uridine diphosphate glucuronic acid,Abund,20750364.29
C11 Trac2,Control,13C6 Nutrient2,Uridine diphosphate glucuronic acid,NormAbund,20750364.29
C11 Trac2,Control,13C6 Nutrient2,Uridine diphosphate hexose,Abund,163422316
C11 Trac2,Control,13C6 Nutrient2,Uridine diphosphate hexose,NormAbund,163422316
C11 Trac2,Control,13C6 Nutrient2,GDP-Fucose,Abund,4059195.807
C11 Trac2,Control,13C6 Nutrient2,GDP-Fucose,NormAbund,4059195.807
C9 Trac1,Control,13C6 Nutrient1,Fructose-6-phosphate,FracCont,0.033764536
C9 Trac1,Control,13C6 Nutrient1,Galactose-1-phosphate,FracCont,0.01748218
C9 Trac1,Control,13C6 Nutrient1,Galactose-6-phosphate,FracCont,-0.025497719
C9 Trac1,Control,13C6 Nutrient1,Glucose-1-phosphate,FracCont,0.135430614
C9 Trac1,Control,13C6 Nutrient1,Glucose-6-phosphate,FracCont,0.827572067
C9 Trac1,Control,13C6 Nutrient1,Mannose-1-phosphate,FracCont,1.01010101
C9 Trac1,Control,13C6 Nutrient1,Mannose-6-phosphate,FracCont,0.985249032
C9 Trac1,Control,13C6 Nutrient1,"Fructose 1,6-bisphosphate",FracCont,0.904435076
C9 Trac1,Control,13C6 Nutrient1,"Fructose 2,6-bisphosphate possibly1",FracCont,1.01010101
C9 Trac1,Control,13C6 Nutrient1,"Glucose 1,6-bisphosphate",FracCont,0.059593922
C9 Trac1,Control,13C6 Nutrient1,Uridine diphosphate-N-acetylglucosamine,FracCont,0.574684175
C9 Trac1,Control,13C6 Nutrient1,Uridine diphosphate glucuronic acid,FracCont,0.368480422
C9 Trac1,Control,13C6 Nutrient1,Uridine diphosphate hexose,FracCont,0.333889264
C9 Trac1,Control,13C6 Nutrient1,GDP-Fucose,FracCont,0.647479854
C9 Trac2,Control,13C6 Nutrient2,Fructose-6-phosphate,FracCont,0.965655074
C9 Trac2,Control,13C6 Nutrient2,Galactose-1-phosphate,FracCont,0.97933398
C9 Trac2,Control,13C6 Nutrient2,Galactose-6-phosphate,FracCont,1.01010101
C9 Trac2,Control,13C6 Nutrient2,Glucose-1-phosphate,FracCont,0.86010789
C9 Trac2,Control,13C6 Nutrient2,Glucose-6-phosphate,FracCont,0.200676747
C9 Trac2,Control,13C6 Nutrient2,Mannose-1-phosphate,FracCont,-0.043239734
C9 Trac2,Control,13C6 Nutrient2,Mannose-6-phosphate,FracCont,-0.030253017
C9 Trac2,Control,13C6 Nutrient2,"Fructose 1,6-bisphosphate",FracCont,0.05982992
C9 Trac2,Control,13C6 Nutrient2,"Fructose 2,6-bisphosphate possibly1",FracCont,-0.020578201
C9 Trac2,Control,13C6 Nutrient2,"Glucose 1,6-bisphosphate",FracCont,0.904751116
C9 Trac2,Control,13C6 Nutrient2,Uridine diphosphate-N-acetylglucosamine,FracCont,0.018907637
C9 Trac2,Control,13C6 Nutrient2,Uridine diphosphate glucuronic acid,FracCont,0.334612404
C9 Trac2,Control,13C6 Nutrient2,Uridine diphosphate hexose,FracCont,0.37474929
C9 Trac2,Control,13C6 Nutrient2,GDP-Fucose,FracCont,-0.006385591
C17 Trac1,Control,13C6 Nutrient1,Fructose-6-phosphate,FracCont,0.038338602
C17 Trac1,Control,13C6 Nutrient1,Galactose-1-phosphate,FracCont,0.01924019
C17 Trac1,Control,13C6 Nutrient1,Galactose-6-phosphate,FracCont,-0.042901404
C17 Trac1,Control,13C6 Nutrient1,Glucose-1-phosphate,FracCont,0.132283833
C17 Trac1,Control,13C6 Nutrient1,Glucose-6-phosphate,FracCont,0.847177393
C17 Trac1,Control,13C6 Nutrient1,Mannose-1-phosphate,FracCont,1.01010101
C17 Trac1,Control,13C6 Nutrient1,Mannose-6-phosphate,FracCont,0.9872927
C17 Trac1,Control,13C6 Nutrient1,"Fructose 1,6-bisphosphate",FracCont,0.860289712
C17 Trac1,Control,13C6 Nutrient1,"Fructose 2,6-bisphosphate possibly1",FracCont,1.01010101
C17 Trac1,Control,13C6 Nutrient1,"Glucose 1,6-bisphosphate",FracCont,0.036716686
C17 Trac1,Control,13C6 Nutrient1,Uridine diphosphate-N-acetylglucosamine,FracCont,0.609511358
C17 Trac1,Control,13C6 Nutrient1,Uridine diphosphate glucuronic acid,FracCont,0.391412945
C17 Trac1,Control,13C6 Nutrient1,Uridine diphosphate hexose,FracCont,0.344597005
C17 Trac1,Control,13C6 Nutrient1,GDP-Fucose,FracCont,0.673006654
C17 Trac2,Control,13C6 Nutrient2,Fructose-6-phosphate,FracCont,0.953624363
C17 Trac2,Control,13C6 Nutrient2,Galactose-1-phosphate,FracCont,0.977462079
C17 Trac2,Control,13C6 Nutrient2,Galactose-6-phosphate,FracCont,1.01010101
C17 Trac2,Control,13C6 Nutrient2,Glucose-1-phosphate,FracCont,0.865555461
C17 Trac2,Control,13C6 Nutrient2,Glucose-6-phosphate,FracCont,0.174532179
C17 Trac2,Control,13C6 Nutrient2,Mannose-1-phosphate,FracCont,-0.043239734
C17 Trac2,Control,13C6 Nutrient2,Mannose-6-phosphate,FracCont,-0.037395469
C17 Trac2,Control,13C6 Nutrient2,"Fructose 1,6-bisphosphate",FracCont,0.077046256
C17 Trac2,Control,13C6 Nutrient2,"Fructose 2,6-bisphosphate possibly1",FracCont,-0.020578201
C17 Trac2,Control,13C6 Nutrient2,"Glucose 1,6-bisphosphate",FracCont,0.931669237
C17 Trac2,Control,13C6 Nutrient2,Uridine diphosphate-N-acetylglucosamine,FracCont,0.017214053
C17 Trac2,Control,13C6 Nutrient2,Uridine diphosphate glucuronic acid,FracCont,0.330495195
C17 Trac2,Control,13C6 Nutrient2,Uridine diphosphate hexose,FracCont,0.376208997
C17 Trac2,Control,13C6 Nutrient2,GDP-Fucose,FracCont,-0.007454502
C6 Trac1,Control,13C6 Nutrient1,Fructose-6-phosphate,FracCont,0.014155078
C6 Trac1,Control,13C6 Nutrient1,Galactose-1-phosphate,FracCont,0.008583498
C6 Trac1,Control,13C6 Nutrient1,Galactose-6-phosphate,FracCont,-0.045058731
C6 Trac1,Control,13C6 Nutrient1,Glucose-1-phosphate,FracCont,0.063903595
C6 Trac1,Control,13C6 Nutrient1,Glucose-6-phosphate,FracCont,0.865330548
C6 Trac1,Control,13C6 Nutrient1,Mannose-1-phosphate,FracCont,0.336700337
C6 Trac1,Control,13C6 Nutrient1,Mannose-6-phosphate,FracCont,1.01010101
C6 Trac1,Control,13C6 Nutrient1,"Fructose 1,6-bisphosphate",FracCont,0.6716926
C6 Trac1,Control,13C6 Nutrient1,"Fructose 2,6-bisphosphate possibly1",FracCont,1.01010101
C6 Trac1,Control,13C6 Nutrient1,"Glucose 1,6-bisphosphate",FracCont,0.014111221
C6 Trac1,Control,13C6 Nutrient1,Uridine diphosphate-N-acetylglucosamine,FracCont,0.591481253
C6 Trac1,Control,13C6 Nutrient1,Uridine diphosphate glucuronic acid,FracCont,0.370325319
C6 Trac1,Control,13C6 Nutrient1,Uridine diphosphate hexose,FracCont,0.329680295
C6 Trac1,Control,13C6 Nutrient1,GDP-Fucose,FracCont,0.683656275
C6 Trac2,Control,13C6 Nutrient2,Fructose-6-phosphate,FracCont,0.973540397
C6 Trac2,Control,13C6 Nutrient2,Galactose-1-phosphate,FracCont,0.98441318
C6 Trac2,Control,13C6 Nutrient2,Galactose-6-phosphate,FracCont,1.01010101
C6 Trac2,Control,13C6 Nutrient2,Glucose-1-phosphate,FracCont,0.930397055
C6 Trac2,Control,13C6 Nutrient2,Glucose-6-phosphate,FracCont,0.164204804
C6 Trac2,Control,13C6 Nutrient2,Mannose-1-phosphate,FracCont,0
C6 Trac2,Control,13C6 Nutrient2,Mannose-6-phosphate,FracCont,-0.045058731
C6 Trac2,Control,13C6 Nutrient2,"Fructose 1,6-bisphosphate",FracCont,0.099234268
C6 Trac2,Control,13C6 Nutrient2,"Fructose 2,6-bisphosphate possibly1",FracCont,-0.020578201
C6 Trac2,Control,13C6 Nutrient2,"Glucose 1,6-bisphosphate",FracCont,0.951190413
C6 Trac2,Control,13C6 Nutrient2,Uridine diphosphate-N-acetylglucosamine,FracCont,0.02499215
C6 Trac2,Control,13C6 Nutrient2,Uridine diphosphate glucuronic acid,FracCont,0.356072684
C6 Trac2,Control,13C6 Nutrient2,Uridine diphosphate hexose,FracCont,0.396556042
C6 Trac2,Control,13C6 Nutrient2,GDP-Fucose,FracCont,-0.009669445
C11 Trac1,Control,13C6 Nutrient1,Fructose-6-phosphate,FracCont,0.043314949
C11 Trac1,Control,13C6 Nutrient1,Galactose-1-phosphate,FracCont,0.019460803
C11 Trac1,Control,13C6 Nutrient1,Galactose-6-phosphate,FracCont,-0.030039154
C11 Trac1,Control,13C6 Nutrient1,Glucose-1-phosphate,FracCont,0.138415967
C11 Trac1,Control,13C6 Nutrient1,Glucose-6-phosphate,FracCont,0.835612661
C11 Trac1,Control,13C6 Nutrient1,Mannose-1-phosphate,FracCont,1.01010101
C11 Trac1,Control,13C6 Nutrient1,Mannose-6-phosphate,FracCont,0.985562566
C11 Trac1,Control,13C6 Nutrient1,"Fructose 1,6-bisphosphate",FracCont,0.872507011
C11 Trac1,Control,13C6 Nutrient1,"Fructose 2,6-bisphosphate possibly1",FracCont,1.01010101
C11 Trac1,Control,13C6 Nutrient1,"Glucose 1,6-bisphosphate",FracCont,0.025155403
C11 Trac1,Control,13C6 Nutrient1,Uridine diphosphate-N-acetylglucosamine,FracCont,0.594426421
C11 Trac1,Control,13C6 Nutrient1,Uridine diphosphate glucuronic acid,FracCont,0.38406883000000003
C11 Trac1,Control,13C6 Nutrient1,Uridine diphosphate hexose,FracCont,0.346187345
C11 Trac1,Control,13C6 Nutrient1,GDP-Fucose,FracCont,0.667557999
C11 Trac2,Control,13C6 Nutrient2,Fructose-6-phosphate,FracCont,0.929113222
C11 Trac2,Control,13C6 Nutrient2,Galactose-1-phosphate,FracCont,0.975200608
C11 Trac2,Control,13C6 Nutrient2,Galactose-6-phosphate,FracCont,1.01010101
C11 Trac2,Control,13C6 Nutrient2,Glucose-1-phosphate,FracCont,0.864272796
C11 Trac2,Control,13C6 Nutrient2,Glucose-6-phosphate,FracCont,0.151033495
C11 Trac2,Control,13C6 Nutrient2,Mannose-1-phosphate,FracCont,-0.043239734
C11 Trac2,Control,13C6 Nutrient2,Mannose-6-phosphate,FracCont,-0.045058731
C11 Trac2,Control,13C6 Nutrient2,"Fructose 1,6-bisphosphate",FracCont,0.075093674
C11 Trac2,Control,13C6 Nutrient2,"Fructose 2,6-bisphosphate possibly1",FracCont,-0.020578201
C11 Trac2,Control,13C6 Nutrient2,"Glucose 1,6-bisphosphate",FracCont,0.932933536
C11 Trac2,Control,13C6 Nutrient2,Uridine diphosphate-N-acetylglucosamine,FracCont,0.021683718
C11 Trac2,Control,13C6 Nutrient2,Uridine diphosphate glucuronic acid,FracCont,0.327893436
C11 Trac2,Control,13C6 Nutrient2,Uridine diphosphate hexose,FracCont,0.374631516
C11 Trac2,Control,13C6 Nutrient2,GDP-Fucose,FracCont,-0.006140017
P3 Trac1,PGM1-CDG,13C6 Nutrient1,Fructose-6-phosphate,Abund,144867922.8
P3 Trac1,PGM1-CDG,13C6 Nutrient1,Fructose-6-phosphate,NormAbund,144867922.8
P3 Trac1,PGM1-CDG,13C6 Nutrient1,Galactose-1-phosphate,Abund,873511785.5
P3 Trac1,PGM1-CDG,13C6 Nutrient1,Galactose-1-phosphate,NormAbund,873511785.5
P3 Trac1,PGM1-CDG,13C6 Nutrient1,Galactose-6-phosphate,Abund,98240.81261
P3 Trac1,PGM1-CDG,13C6 Nutrient1,Galactose-6-phosphate,NormAbund,98240.81261
P3 Trac1,PGM1-CDG,13C6 Nutrient1,Glucose-1-phosphate,Abund,150844534.2
P3 Trac1,PGM1-CDG,13C6 Nutrient1,Glucose-1-phosphate,NormAbund,150844534.2
P3 Trac1,PGM1-CDG,13C6 Nutrient1,Glucose-6-phosphate,Abund,11136309.18
P3 Trac1,PGM1-CDG,13C6 Nutrient1,Glucose-6-phosphate,NormAbund,11136309.18
P3 Trac1,PGM1-CDG,13C6 Nutrient1,Mannose-1-phosphate,Abund,425375.1079
P3 Trac1,PGM1-CDG,13C6 Nutrient1,Mannose-1-phosphate,NormAbund,425375.1079
P3 Trac1,PGM1-CDG,13C6 Nutrient1,Mannose-6-phosphate,Abund,1611682.568
P3 Trac1,PGM1-CDG,13C6 Nutrient1,Mannose-6-phosphate,NormAbund,1611682.568
P3 Trac1,PGM1-CDG,13C6 Nutrient1,"Fructose 1,6-bisphosphate",Abund,6579813.137
P3 Trac1,PGM1-CDG,13C6 Nutrient1,"Fructose 1,6-bisphosphate",NormAbund,6579813.137
P3 Trac1,PGM1-CDG,13C6 Nutrient1,"Fructose 2,6-bisphosphate possibly1",Abund,1143595.876
P3 Trac1,PGM1-CDG,13C6 Nutrient1,"Fructose 2,6-bisphosphate possibly1",NormAbund,1143595.876
P3 Trac1,PGM1-CDG,13C6 Nutrient1,"Glucose 1,6-bisphosphate",Abund,5125863.021
P3 Trac1,PGM1-CDG,13C6 Nutrient1,"Glucose 1,6-bisphosphate",NormAbund,5125863.021
P3 Trac1,PGM1-CDG,13C6 Nutrient1,Uridine diphosphate-N-acetylglucosamine,Abund,122657571.5
P3 Trac1,PGM1-CDG,13C6 Nutrient1,Uridine diphosphate-N-acetylglucosamine,NormAbund,122657571.5
P3 Trac1,PGM1-CDG,13C6 Nutrient1,Uridine diphosphate glucuronic acid,Abund,41369241.27
P3 Trac1,PGM1-CDG,13C6 Nutrient1,Uridine diphosphate glucuronic acid,NormAbund,41369241.27
P3 Trac1,PGM1-CDG,13C6 Nutrient1,Uridine diphosphate hexose,Abund,201781399.2
P3 Trac1,PGM1-CDG,13C6 Nutrient1,Uridine diphosphate hexose,NormAbund,201781399.2
P3 Trac1,PGM1-CDG,13C6 Nutrient1,GDP-Fucose,Abund,2568518.31
P3 Trac1,PGM1-CDG,13C6 Nutrient1,GDP-Fucose,NormAbund,2568518.31
P3 Trac2,PGM1-CDG,13C6 Nutrient2,Fructose-6-phosphate,Abund,111164907.7
P3 Trac2,PGM1-CDG,13C6 Nutrient2,Fructose-6-phosphate,NormAbund,111164907.7
P3 Trac2,PGM1-CDG,13C6 Nutrient2,Galactose-1-phosphate,Abund,995490002.5
P3 Trac2,PGM1-CDG,13C6 Nutrient2,Galactose-1-phosphate,NormAbund,995490002.5
P3 Trac2,PGM1-CDG,13C6 Nutrient2,Galactose-6-phosphate,Abund,287655.5897
P3 Trac2,PGM1-CDG,13C6 Nutrient2,Galactose-6-phosphate,NormAbund,287655.5897
P3 Trac2,PGM1-CDG,13C6 Nutrient2,Glucose-1-phosphate,Abund,152952522.6
P3 Trac2,PGM1-CDG,13C6 Nutrient2,Glucose-1-phosphate,NormAbund,152952522.6
P3 Trac2,PGM1-CDG,13C6 Nutrient2,Glucose-6-phosphate,Abund,11987118.5
P3 Trac2,PGM1-CDG,13C6 Nutrient2,Glucose-6-phosphate,NormAbund,11987118.5
P3 Trac2,PGM1-CDG,13C6 Nutrient2,Mannose-1-phosphate,Abund,430170.5413
P3 Trac2,PGM1-CDG,13C6 Nutrient2,Mannose-1-phosphate,NormAbund,430170.5413
P3 Trac2,PGM1-CDG,13C6 Nutrient2,Mannose-6-phosphate,Abund,1819453.211
P3 Trac2,PGM1-CDG,13C6 Nutrient2,Mannose-6-phosphate,NormAbund,1819453.211
P3 Trac2,PGM1-CDG,13C6 Nutrient2,"Fructose 1,6-bisphosphate",Abund,7339720.841
P3 Trac2,PGM1-CDG,13C6 Nutrient2,"Fructose 1,6-bisphosphate",NormAbund,7339720.841
P3 Trac2,PGM1-CDG,13C6 Nutrient2,"Fructose 2,6-bisphosphate possibly1",Abund,1373416.511
P3 Trac2,PGM1-CDG,13C6 Nutrient2,"Fructose 2,6-bisphosphate possibly1",NormAbund,1373416.511
P3 Trac2,PGM1-CDG,13C6 Nutrient2,"Glucose 1,6-bisphosphate",Abund,6489159.44
P3 Trac2,PGM1-CDG,13C6 Nutrient2,"Glucose 1,6-bisphosphate",NormAbund,6489159.44
P3 Trac2,PGM1-CDG,13C6 Nutrient2,Uridine diphosphate-N-acetylglucosamine,Abund,152039295.5
P3 Trac2,PGM1-CDG,13C6 Nutrient2,Uridine diphosphate-N-acetylglucosamine,NormAbund,152039295.5
P3 Trac2,PGM1-CDG,13C6 Nutrient2,Uridine diphosphate glucuronic acid,Abund,47106437.27
P3 Trac2,PGM1-CDG,13C6 Nutrient2,Uridine diphosphate glucuronic acid,NormAbund,47106437.27
P3 Trac2,PGM1-CDG,13C6 Nutrient2,Uridine diphosphate hexose,Abund,238577617.8
P3 Trac2,PGM1-CDG,13C6 Nutrient2,Uridine diphosphate hexose,NormAbund,238577617.8
P3 Trac2,PGM1-CDG,13C6 Nutrient2,GDP-Fucose,Abund,3884353.028
P3 Trac2,PGM1-CDG,13C6 Nutrient2,GDP-Fucose,NormAbund,3884353.028
P6 Trac1,PGM1-CDG,13C6 Nutrient1,Fructose-6-phosphate,Abund,91468288.1
P6 Trac1,PGM1-CDG,13C6 Nutrient1,Fructose-6-phosphate,NormAbund,91468288.1
P6 Trac1,PGM1-CDG,13C6 Nutrient1,Galactose-1-phosphate,Abund,1270046260
P6 Trac1,PGM1-CDG,13C6 Nutrient1,Galactose-1-phosphate,NormAbund,1270046260
P6 Trac1,PGM1-CDG,13C6 Nutrient1,Galactose-6-phosphate,Abund,76177.43146
P6 Trac1,PGM1-CDG,13C6 Nutrient1,Galactose-6-phosphate,NormAbund,76177.43146
P6 Trac1,PGM1-CDG,13C6 Nutrient1,Glucose-1-phosphate,Abund,146248340.2
P6 Trac1,PGM1-CDG,13C6 Nutrient1,Glucose-1-phosphate,NormAbund,146248340.2
P6 Trac1,PGM1-CDG,13C6 Nutrient1,Glucose-6-phosphate,Abund,16096995.99
P6 Trac1,PGM1-CDG,13C6 Nutrient1,Glucose-6-phosphate,NormAbund,16096995.99
P6 Trac1,PGM1-CDG,13C6 Nutrient1,Mannose-1-phosphate,Abund,802187.0758
P6 Trac1,PGM1-CDG,13C6 Nutrient1,Mannose-1-phosphate,NormAbund,802187.0758
P6 Trac1,PGM1-CDG,13C6 Nutrient1,Mannose-6-phosphate,Abund,3004429.702
P6 Trac1,PGM1-CDG,13C6 Nutrient1,Mannose-6-phosphate,NormAbund,3004429.702
P6 Trac1,PGM1-CDG,13C6 Nutrient1,"Fructose 1,6-bisphosphate",Abund,24338657.51
P6 Trac1,PGM1-CDG,13C6 Nutrient1,"Fructose 1,6-bisphosphate",NormAbund,24338657.51
P6 Trac1,PGM1-CDG,13C6 Nutrient1,"Fructose 2,6-bisphosphate possibly1",Abund,1369702.455
P6 Trac1,PGM1-CDG,13C6 Nutrient1,"Fructose 2,6-bisphosphate possibly1",NormAbund,1369702.455
P6 Trac1,PGM1-CDG,13C6 Nutrient1,"Glucose 1,6-bisphosphate",Abund,4489278.542
P6 Trac1,PGM1-CDG,13C6 Nutrient1,"Glucose 1,6-bisphosphate",NormAbund,4489278.542
P6 Trac1,PGM1-CDG,13C6 Nutrient1,Uridine diphosphate-N-acetylglucosamine,Abund,137254794.7
P6 Trac1,PGM1-CDG,13C6 Nutrient1,Uridine diphosphate-N-acetylglucosamine,NormAbund,137254794.7
P6 Trac1,PGM1-CDG,13C6 Nutrient1,Uridine diphosphate glucuronic acid,Abund,33780006.35
P6 Trac1,PGM1-CDG,13C6 Nutrient1,Uridine diphosphate glucuronic acid,NormAbund,33780006.35
P6 Trac1,PGM1-CDG,13C6 Nutrient1,Uridine diphosphate hexose,Abund,190590059.5
P6 Trac1,PGM1-CDG,13C6 Nutrient1,Uridine diphosphate hexose,NormAbund,190590059.5
P6 Trac1,PGM1-CDG,13C6 Nutrient1,GDP-Fucose,Abund,3227028.569
P6 Trac1,PGM1-CDG,13C6 Nutrient1,GDP-Fucose,NormAbund,3227028.569
P6 Trac2,PGM1-CDG,13C6 Nutrient2,Fructose-6-phosphate,Abund,99503642.11
P6 Trac2,PGM1-CDG,13C6 Nutrient2,Fructose-6-phosphate,NormAbund,99503642.11
P6 Trac2,PGM1-CDG,13C6 Nutrient2,Galactose-1-phosphate,Abund,1318000394
P6 Trac2,PGM1-CDG,13C6 Nutrient2,Galactose-1-phosphate,NormAbund,1318000394
P6 Trac2,PGM1-CDG,13C6 Nutrient2,Galactose-6-phosphate,Abund,136205.5909
P6 Trac2,PGM1-CDG,13C6 Nutrient2,Galactose-6-phosphate,NormAbund,136205.5909
P6 Trac2,PGM1-CDG,13C6 Nutrient2,Glucose-1-phosphate,Abund,156267835.9
P6 Trac2,PGM1-CDG,13C6 Nutrient2,Glucose-1-phosphate,NormAbund,156267835.9
P6 Trac2,PGM1-CDG,13C6 Nutrient2,Glucose-6-phosphate,Abund,16162215.34
P6 Trac2,PGM1-CDG,13C6 Nutrient2,Glucose-6-phosphate,NormAbund,16162215.34
P6 Trac2,PGM1-CDG,13C6 Nutrient2,Mannose-1-phosphate,Abund,869300.7191
P6 Trac2,PGM1-CDG,13C6 Nutrient2,Mannose-1-phosphate,NormAbund,869300.7191
P6 Trac2,PGM1-CDG,13C6 Nutrient2,Mannose-6-phosphate,Abund,2986617.306
P6 Trac2,PGM1-CDG,13C6 Nutrient2,Mannose-6-phosphate,NormAbund,2986617.306
P6 Trac2,PGM1-CDG,13C6 Nutrient2,"Fructose 1,6-bisphosphate",Abund,20376785.89
P6 Trac2,PGM1-CDG,13C6 Nutrient2,"Fructose 1,6-bisphosphate",NormAbund,20376785.89
P6 Trac2,PGM1-CDG,13C6 Nutrient2,"Fructose 2,6-bisphosphate possibly1",Abund,1380361.847
P6 Trac2,PGM1-CDG,13C6 Nutrient2,"Fructose 2,6-bisphosphate possibly1",NormAbund,1380361.847
P6 Trac2,PGM1-CDG,13C6 Nutrient2,"Glucose 1,6-bisphosphate",Abund,4512272.164
P6 Trac2,PGM1-CDG,13C6 Nutrient2,"Glucose 1,6-bisphosphate",NormAbund,4512272.164
P6 Trac2,PGM1-CDG,13C6 Nutrient2,Uridine diphosphate-N-acetylglucosamine,Abund,148312549.7
P6 Trac2,PGM1-CDG,13C6 Nutrient2,Uridine diphosphate-N-acetylglucosamine,NormAbund,148312549.7
P6 Trac2,PGM1-CDG,13C6 Nutrient2,Uridine diphosphate glucuronic acid,Abund,34520163.53
P6 Trac2,PGM1-CDG,13C6 Nutrient2,Uridine diphosphate glucuronic acid,NormAbund,34520163.53
P6 Trac2,PGM1-CDG,13C6 Nutrient2,Uridine diphosphate hexose,Abund,199477941.7
P6 Trac2,PGM1-CDG,13C6 Nutrient2,Uridine diphosphate hexose,NormAbund,199477941.7
P6 Trac2,PGM1-CDG,13C6 Nutrient2,GDP-Fucose,Abund,3895101.187
P6 Trac2,PGM1-CDG,13C6 Nutrient2,GDP-Fucose,NormAbund,3895101.187
P1 Trac1,PGM1-CDG,13C6 Nutrient1,Fructose-6-phosphate,Abund,116161001.5
P1 Trac1,PGM1-CDG,13C6 Nutrient1,Fructose-6-phosphate,NormAbund,116161001.5
P1 Trac1,PGM1-CDG,13C6 Nutrient1,Galactose-1-phosphate,Abund,617485155.4
P1 Trac1,PGM1-CDG,13C6 Nutrient1,Galactose-1-phosphate,NormAbund,617485155.4
P1 Trac1,PGM1-CDG,13C6 Nutrient1,Galactose-6-phosphate,Abund,45010.58314
P1 Trac1,PGM1-CDG,13C6 Nutrient1,Galactose-6-phosphate,NormAbund,45010.58314
P1 Trac1,PGM1-CDG,13C6 Nutrient1,Glucose-1-phosphate,Abund,120134225.4
P1 Trac1,PGM1-CDG,13C6 Nutrient1,Glucose-1-phosphate,NormAbund,120134225.4
P1 Trac1,PGM1-CDG,13C6 Nutrient1,Glucose-6-phosphate,Abund,6050775.097
P1 Trac1,PGM1-CDG,13C6 Nutrient1,Glucose-6-phosphate,NormAbund,6050775.097
P1 Trac1,PGM1-CDG,13C6 Nutrient1,Mannose-1-phosphate,Abund,0
P1 Trac1,PGM1-CDG,13C6 Nutrient1,Mannose-1-phosphate,NormAbund,0
P1 Trac1,PGM1-CDG,13C6 Nutrient1,Mannose-6-phosphate,Abund,858418.3614
P1 Trac1,PGM1-CDG,13C6 Nutrient1,Mannose-6-phosphate,NormAbund,858418.3614
P1 Trac1,PGM1-CDG,13C6 Nutrient1,"Fructose 1,6-bisphosphate",Abund,8542316.293
P1 Trac1,PGM1-CDG,13C6 Nutrient1,"Fructose 1,6-bisphosphate",NormAbund,8542316.293
P1 Trac1,PGM1-CDG,13C6 Nutrient1,"Fructose 2,6-bisphosphate possibly1",Abund,1294119.02
P1 Trac1,PGM1-CDG,13C6 Nutrient1,"Fructose 2,6-bisphosphate possibly1",NormAbund,1294119.02
P1 Trac1,PGM1-CDG,13C6 Nutrient1,"Glucose 1,6-bisphosphate",Abund,4264102.401
P1 Trac1,PGM1-CDG,13C6 Nutrient1,"Glucose 1,6-bisphosphate",NormAbund,4264102.401
P1 Trac1,PGM1-CDG,13C6 Nutrient1,Uridine diphosphate-N-acetylglucosamine,Abund,98150709.92
P1 Trac1,PGM1-CDG,13C6 Nutrient1,Uridine diphosphate-N-acetylglucosamine,NormAbund,98150709.92
P1 Trac1,PGM1-CDG,13C6 Nutrient1,Uridine diphosphate glucuronic acid,Abund,38469368.33
P1 Trac1,PGM1-CDG,13C6 Nutrient1,Uridine diphosphate glucuronic acid,NormAbund,38469368.33
P1 Trac1,PGM1-CDG,13C6 Nutrient1,Uridine diphosphate hexose,Abund,208530021.1
P1 Trac1,PGM1-CDG,13C6 Nutrient1,Uridine diphosphate hexose,NormAbund,208530021.1
P1 Trac1,PGM1-CDG,13C6 Nutrient1,GDP-Fucose,Abund,2238725.186
P1 Trac1,PGM1-CDG,13C6 Nutrient1,GDP-Fucose,NormAbund,2238725.186
P1 Trac2,PGM1-CDG,13C6 Nutrient2,Fructose-6-phosphate,Abund,107713976.7
P1 Trac2,PGM1-CDG,13C6 Nutrient2,Fructose-6-phosphate,NormAbund,107713976.7
P1 Trac2,PGM1-CDG,13C6 Nutrient2,Galactose-1-phosphate,Abund,693935379.4
P1 Trac2,PGM1-CDG,13C6 Nutrient2,Galactose-1-phosphate,NormAbund,693935379.4
P1 Trac2,PGM1-CDG,13C6 Nutrient2,Galactose-6-phosphate,Abund,0
P1 Trac2,PGM1-CDG,13C6 Nutrient2,Galactose-6-phosphate,NormAbund,0
P1 Trac2,PGM1-CDG,13C6 Nutrient2,Glucose-1-phosphate,Abund,128852301.1
P1 Trac2,PGM1-CDG,13C6 Nutrient2,Glucose-1-phosphate,NormAbund,128852301.1
P1 Trac2,PGM1-CDG,13C6 Nutrient2,Glucose-6-phosphate,Abund,5995827.674
P1 Trac2,PGM1-CDG,13C6 Nutrient2,Glucose-6-phosphate,NormAbund,5995827.674
P1 Trac2,PGM1-CDG,13C6 Nutrient2,Mannose-1-phosphate,Abund,0
P1 Trac2,PGM1-CDG,13C6 Nutrient2,Mannose-1-phosphate,NormAbund,0
P1 Trac2,PGM1-CDG,13C6 Nutrient2,Mannose-6-phosphate,Abund,867302.4397
P1 Trac2,PGM1-CDG,13C6 Nutrient2,Mannose-6-phosphate,NormAbund,867302.4397
P1 Trac2,PGM1-CDG,13C6 Nutrient2,"Fructose 1,6-bisphosphate",Abund,8568484.978
P1 Trac2,PGM1-CDG,13C6 Nutrient2,"Fructose 1,6-bisphosphate",NormAbund,8568484.978
P1 Trac2,PGM1-CDG,13C6 Nutrient2,"Fructose 2,6-bisphosphate possibly1",Abund,1395818.511
P1 Trac2,PGM1-CDG,13C6 Nutrient2,"Fructose 2,6-bisphosphate possibly1",NormAbund,1395818.511
P1 Trac2,PGM1-CDG,13C6 Nutrient2,"Glucose 1,6-bisphosphate",Abund,5020736.221
P1 Trac2,PGM1-CDG,13C6 Nutrient2,"Glucose 1,6-bisphosphate",NormAbund,5020736.221
P1 Trac2,PGM1-CDG,13C6 Nutrient2,Uridine diphosphate-N-acetylglucosamine,Abund,126031016.3
P1 Trac2,PGM1-CDG,13C6 Nutrient2,Uridine diphosphate-N-acetylglucosamine,NormAbund,126031016.3
P1 Trac2,PGM1-CDG,13C6 Nutrient2,Uridine diphosphate glucuronic acid,Abund,48224475.31
P1 Trac2,PGM1-CDG,13C6 Nutrient2,Uridine diphosphate glucuronic acid,NormAbund,48224475.31
P1 Trac2,PGM1-CDG,13C6 Nutrient2,Uridine diphosphate hexose,Abund,254565630.2
P1 Trac2,PGM1-CDG,13C6 Nutrient2,Uridine diphosphate hexose,NormAbund,254565630.2
P1 Trac2,PGM1-CDG,13C6 Nutrient2,GDP-Fucose,Abund,3487702.194
P1 Trac2,PGM1-CDG,13C6 Nutrient2,GDP-Fucose,NormAbund,3487702.194
P5 Trac1,PGM1-CDG,13C6 Nutrient1,Fructose-6-phosphate,Abund,60071090.11
P5 Trac1,PGM1-CDG,13C6 Nutrient1,Fructose-6-phosphate,NormAbund,60071090.11
P5 Trac1,PGM1-CDG,13C6 Nutrient1,Galactose-1-phosphate,Abund,608575207.9
P5 Trac1,PGM1-CDG,13C6 Nutrient1,Galactose-1-phosphate,NormAbund,608575207.9
P5 Trac1,PGM1-CDG,13C6 Nutrient1,Galactose-6-phosphate,Abund,0
P5 Trac1,PGM1-CDG,13C6 Nutrient1,Galactose-6-phosphate,NormAbund,0
P5 Trac1,PGM1-CDG,13C6 Nutrient1,Glucose-1-phosphate,Abund,62991671.43
P5 Trac1,PGM1-CDG,13C6 Nutrient1,Glucose-1-phosphate,NormAbund,62991671.43
P5 Trac1,PGM1-CDG,13C6 Nutrient1,Glucose-6-phosphate,Abund,12673101.98
P5 Trac1,PGM1-CDG,13C6 Nutrient1,Glucose-6-phosphate,NormAbund,12673101.98
P5 Trac1,PGM1-CDG,13C6 Nutrient1,Mannose-1-phosphate,Abund,406496.5708
P5 Trac1,PGM1-CDG,13C6 Nutrient1,Mannose-1-phosphate,NormAbund,406496.5708
P5 Trac1,PGM1-CDG,13C6 Nutrient1,Mannose-6-phosphate,Abund,2439077.412
P5 Trac1,PGM1-CDG,13C6 Nutrient1,Mannose-6-phosphate,NormAbund,2439077.412
P5 Trac1,PGM1-CDG,13C6 Nutrient1,"Fructose 1,6-bisphosphate",Abund,89665363.12
P5 Trac1,PGM1-CDG,13C6 Nutrient1,"Fructose 1,6-bisphosphate",NormAbund,89665363.12
P5 Trac1,PGM1-CDG,13C6 Nutrient1,"Fructose 2,6-bisphosphate possibly1",Abund,1396955.666
P5 Trac1,PGM1-CDG,13C6 Nutrient1,"Fructose 2,6-bisphosphate possibly1",NormAbund,1396955.666
P5 Trac1,PGM1-CDG,13C6 Nutrient1,"Glucose 1,6-bisphosphate",Abund,3785751.432
P5 Trac1,PGM1-CDG,13C6 Nutrient1,"Glucose 1,6-bisphosphate",NormAbund,3785751.432
P5 Trac1,PGM1-CDG,13C6 Nutrient1,Uridine diphosphate-N-acetylglucosamine,Abund,87390497.18
P5 Trac1,PGM1-CDG,13C6 Nutrient1,Uridine diphosphate-N-acetylglucosamine,NormAbund,87390497.18
P5 Trac1,PGM1-CDG,13C6 Nutrient1,Uridine diphosphate glucuronic acid,Abund,11318253.55
P5 Trac1,PGM1-CDG,13C6 Nutrient1,Uridine diphosphate glucuronic acid,NormAbund,11318253.55
P5 Trac1,PGM1-CDG,13C6 Nutrient1,Uridine diphosphate hexose,Abund,141882513.3
P5 Trac1,PGM1-CDG,13C6 Nutrient1,Uridine diphosphate hexose,NormAbund,141882513.3
P5 Trac1,PGM1-CDG,13C6 Nutrient1,GDP-Fucose,Abund,2310085.725
P5 Trac1,PGM1-CDG,13C6 Nutrient1,GDP-Fucose,NormAbund,2310085.725
P5 Trac2,PGM1-CDG,13C6 Nutrient2,Fructose-6-phosphate,Abund,63591563.48
P5 Trac2,PGM1-CDG,13C6 Nutrient2,Fructose-6-phosphate,NormAbund,63591563.48
P5 Trac2,PGM1-CDG,13C6 Nutrient2,Galactose-1-phosphate,Abund,677242953.3
P5 Trac2,PGM1-CDG,13C6 Nutrient2,Galactose-1-phosphate,NormAbund,677242953.3
P5 Trac2,PGM1-CDG,13C6 Nutrient2,Galactose-6-phosphate,Abund,0
P5 Trac2,PGM1-CDG,13C6 Nutrient2,Galactose-6-phosphate,NormAbund,0
P5 Trac2,PGM1-CDG,13C6 Nutrient2,Glucose-1-phosphate,Abund,68519885.11
P5 Trac2,PGM1-CDG,13C6 Nutrient2,Glucose-1-phosphate,NormAbund,68519885.11
P5 Trac2,PGM1-CDG,13C6 Nutrient2,Glucose-6-phosphate,Abund,9311966.616
P5 Trac2,PGM1-CDG,13C6 Nutrient2,Glucose-6-phosphate,NormAbund,9311966.616
P5 Trac2,PGM1-CDG,13C6 Nutrient2,Mannose-1-phosphate,Abund,334178.6409
P5 Trac2,PGM1-CDG,13C6 Nutrient2,Mannose-1-phosphate,NormAbund,334178.6409
P5 Trac2,PGM1-CDG,13C6 Nutrient2,Mannose-6-phosphate,Abund,1645109.593
P5 Trac2,PGM1-CDG,13C6 Nutrient2,Mannose-6-phosphate,NormAbund,1645109.593
P5 Trac2,PGM1-CDG,13C6 Nutrient2,"Fructose 1,6-bisphosphate",Abund,87926031.97
P5 Trac2,PGM1-CDG,13C6 Nutrient2,"Fructose 1,6-bisphosphate",NormAbund,87926031.97
P5 Trac2,PGM1-CDG,13C6 Nutrient2,"Fructose 2,6-bisphosphate possibly1",Abund,1466195.354
P5 Trac2,PGM1-CDG,13C6 Nutrient2,"Fructose 2,6-bisphosphate possibly1",NormAbund,1466195.354
P5 Trac2,PGM1-CDG,13C6 Nutrient2,"Glucose 1,6-bisphosphate",Abund,4192011.634
P5 Trac2,PGM1-CDG,13C6 Nutrient2,"Glucose 1,6-bisphosphate",NormAbund,4192011.634
P5 Trac2,PGM1-CDG,13C6 Nutrient2,Uridine diphosphate-N-acetylglucosamine,Abund,105584782.1
P5 Trac2,PGM1-CDG,13C6 Nutrient2,Uridine diphosphate-N-acetylglucosamine,NormAbund,105584782.1
P5 Trac2,PGM1-CDG,13C6 Nutrient2,Uridine diphosphate glucuronic acid,Abund,14374001.12
P5 Trac2,PGM1-CDG,13C6 Nutrient2,Uridine diphosphate glucuronic acid,NormAbund,14374001.12
P5 Trac2,PGM1-CDG,13C6 Nutrient2,Uridine diphosphate hexose,Abund,160689102
P5 Trac2,PGM1-CDG,13C6 Nutrient2,Uridine diphosphate hexose,NormAbund,160689102
P5 Trac2,PGM1-CDG,13C6 Nutrient2,GDP-Fucose,Abund,3088779.884
P5 Trac2,PGM1-CDG,13C6 Nutrient2,GDP-Fucose,NormAbund,3088779.884
P3 Trac1,PGM1-CDG,13C6 Nutrient1,Fructose-6-phosphate,FracCont,0.015247458
P3 Trac1,PGM1-CDG,13C6 Nutrient1,Galactose-1-phosphate,FracCont,0.007053451
P3 Trac1,PGM1-CDG,13C6 Nutrient1,Galactose-6-phosphate,FracCont,-0.045058731
P3 Trac1,PGM1-CDG,13C6 Nutrient1,Glucose-1-phosphate,FracCont,0.059122554
P3 Trac1,PGM1-CDG,13C6 Nutrient1,Glucose-6-phosphate,FracCont,0.61605954
P3 Trac1,PGM1-CDG,13C6 Nutrient1,Mannose-1-phosphate,FracCont,1.01010101
P3 Trac1,PGM1-CDG,13C6 Nutrient1,Mannose-6-phosphate,FracCont,0.9573028
P3 Trac1,PGM1-CDG,13C6 Nutrient1,"Fructose 1,6-bisphosphate",FracCont,0.816143461
P3 Trac1,PGM1-CDG,13C6 Nutrient1,"Fructose 2,6-bisphosphate possibly1",FracCont,1.008121767
P3 Trac1,PGM1-CDG,13C6 Nutrient1,"Glucose 1,6-bisphosphate",FracCont,-0.01294251
P3 Trac1,PGM1-CDG,13C6 Nutrient1,Uridine diphosphate-N-acetylglucosamine,FracCont,0.609030928
P3 Trac1,PGM1-CDG,13C6 Nutrient1,Uridine diphosphate glucuronic acid,FracCont,0.341630892
P3 Trac1,PGM1-CDG,13C6 Nutrient1,Uridine diphosphate hexose,FracCont,0.326687394
P3 Trac1,PGM1-CDG,13C6 Nutrient1,GDP-Fucose,FracCont,0.661271868
P3 Trac2,PGM1-CDG,13C6 Nutrient2,Fructose-6-phosphate,FracCont,0.977288327
P3 Trac2,PGM1-CDG,13C6 Nutrient2,Galactose-1-phosphate,FracCont,0.987545449
P3 Trac2,PGM1-CDG,13C6 Nutrient2,Galactose-6-phosphate,FracCont,1.01010101
P3 Trac2,PGM1-CDG,13C6 Nutrient2,Glucose-1-phosphate,FracCont,0.927870958
P3 Trac2,PGM1-CDG,13C6 Nutrient2,Glucose-6-phosphate,FracCont,0.375356795
P3 Trac2,PGM1-CDG,13C6 Nutrient2,Mannose-1-phosphate,FracCont,-0.043239734
P3 Trac2,PGM1-CDG,13C6 Nutrient2,Mannose-6-phosphate,FracCont,-0.032471588
P3 Trac2,PGM1-CDG,13C6 Nutrient2,"Fructose 1,6-bisphosphate",FracCont,0.088051427
P3 Trac2,PGM1-CDG,13C6 Nutrient2,"Fructose 2,6-bisphosphate possibly1",FracCont,-0.020578201
P3 Trac2,PGM1-CDG,13C6 Nutrient2,"Glucose 1,6-bisphosphate",FracCont,0.941971303
P3 Trac2,PGM1-CDG,13C6 Nutrient2,Uridine diphosphate-N-acetylglucosamine,FracCont,0.023933411
P3 Trac2,PGM1-CDG,13C6 Nutrient2,Uridine diphosphate glucuronic acid,FracCont,0.380797309
P3 Trac2,PGM1-CDG,13C6 Nutrient2,Uridine diphosphate hexose,FracCont,0.39622599
P3 Trac2,PGM1-CDG,13C6 Nutrient2,GDP-Fucose,FracCont,-0.003253785
P6 Trac1,PGM1-CDG,13C6 Nutrient1,Fructose-6-phosphate,FracCont,0.044399889
P6 Trac1,PGM1-CDG,13C6 Nutrient1,Galactose-1-phosphate,FracCont,0.011644197
P6 Trac1,PGM1-CDG,13C6 Nutrient1,Galactose-6-phosphate,FracCont,-0.045058731
P6 Trac1,PGM1-CDG,13C6 Nutrient1,Glucose-1-phosphate,FracCont,0.104251467
P6 Trac1,PGM1-CDG,13C6 Nutrient1,Glucose-6-phosphate,FracCont,0.756361526
P6 Trac1,PGM1-CDG,13C6 Nutrient1,Mannose-1-phosphate,FracCont,1.01010101
P6 Trac1,PGM1-CDG,13C6 Nutrient1,Mannose-6-phosphate,FracCont,0.973537753
P6 Trac1,PGM1-CDG,13C6 Nutrient1,"Fructose 1,6-bisphosphate",FracCont,0.923720613
P6 Trac1,PGM1-CDG,13C6 Nutrient1,"Fructose 2,6-bisphosphate possibly1",FracCont,1.006830162
P6 Trac1,PGM1-CDG,13C6 Nutrient1,"Glucose 1,6-bisphosphate",FracCont,0.088869492
P6 Trac1,PGM1-CDG,13C6 Nutrient1,Uridine diphosphate-N-acetylglucosamine,FracCont,0.635957604
P6 Trac1,PGM1-CDG,13C6 Nutrient1,Uridine diphosphate glucuronic acid,FracCont,0.373213422
P6 Trac1,PGM1-CDG,13C6 Nutrient1,Uridine diphosphate hexose,FracCont,0.347785682
P6 Trac1,PGM1-CDG,13C6 Nutrient1,GDP-Fucose,FracCont,0.651293255
P6 Trac2,PGM1-CDG,13C6 Nutrient2,Fructose-6-phosphate,FracCont,0.970319862
P6 Trac2,PGM1-CDG,13C6 Nutrient2,Galactose-1-phosphate,FracCont,0.983886995
P6 Trac2,PGM1-CDG,13C6 Nutrient2,Galactose-6-phosphate,FracCont,1.01010101
P6 Trac2,PGM1-CDG,13C6 Nutrient2,Glucose-1-phosphate,FracCont,0.891273545
P6 Trac2,PGM1-CDG,13C6 Nutrient2,Glucose-6-phosphate,FracCont,0.263400349
P6 Trac2,PGM1-CDG,13C6 Nutrient2,Mannose-1-phosphate,FracCont,-0.043239734
P6 Trac2,PGM1-CDG,13C6 Nutrient2,Mannose-6-phosphate,FracCont,-0.027706033
P6 Trac2,PGM1-CDG,13C6 Nutrient2,"Fructose 1,6-bisphosphate",FracCont,0.046809095
P6 Trac2,PGM1-CDG,13C6 Nutrient2,"Fructose 2,6-bisphosphate possibly1",FracCont,-0.020578201
P6 Trac2,PGM1-CDG,13C6 Nutrient2,"Glucose 1,6-bisphosphate",FracCont,0.904138937
P6 Trac2,PGM1-CDG,13C6 Nutrient2,Uridine diphosphate-N-acetylglucosamine,FracCont,0.012565636
P6 Trac2,PGM1-CDG,13C6 Nutrient2,Uridine diphosphate glucuronic acid,FracCont,0.356082036
P6 Trac2,PGM1-CDG,13C6 Nutrient2,Uridine diphosphate hexose,FracCont,0.3816139
P6 Trac2,PGM1-CDG,13C6 Nutrient2,GDP-Fucose,FracCont,-0.002813392
P1 Trac1,PGM1-CDG,13C6 Nutrient1,Fructose-6-phosphate,FracCont,-0.001191683
P1 Trac1,PGM1-CDG,13C6 Nutrient1,Galactose-1-phosphate,FracCont,0.002402033
P1 Trac1,PGM1-CDG,13C6 Nutrient1,Galactose-6-phosphate,FracCont,-0.030039154
P1 Trac1,PGM1-CDG,13C6 Nutrient1,Glucose-1-phosphate,FracCont,0.042946005
P1 Trac1,PGM1-CDG,13C6 Nutrient1,Glucose-6-phosphate,FracCont,0.54438282
P1 Trac1,PGM1-CDG,13C6 Nutrient1,Mannose-1-phosphate,FracCont,0
P1 Trac1,PGM1-CDG,13C6 Nutrient1,Mannose-6-phosphate,FracCont,1.01010101
P1 Trac1,PGM1-CDG,13C6 Nutrient1,"Fructose 1,6-bisphosphate",FracCont,0.839149849
P1 Trac1,PGM1-CDG,13C6 Nutrient1,"Fructose 2,6-bisphosphate possibly1",FracCont,1.01010101
P1 Trac1,PGM1-CDG,13C6 Nutrient1,"Glucose 1,6-bisphosphate",FracCont,-0.017485387
P1 Trac1,PGM1-CDG,13C6 Nutrient1,Uridine diphosphate-N-acetylglucosamine,FracCont,0.59385214
P1 Trac1,PGM1-CDG,13C6 Nutrient1,Uridine diphosphate glucuronic acid,FracCont,0.336277474
P1 Trac1,PGM1-CDG,13C6 Nutrient1,Uridine diphosphate hexose,FracCont,0.320949732
P1 Trac1,PGM1-CDG,13C6 Nutrient1,GDP-Fucose,FracCont,0.674671735
P1 Trac2,PGM1-CDG,13C6 Nutrient2,Fructose-6-phosphate,FracCont,0.977275037
P1 Trac2,PGM1-CDG,13C6 Nutrient2,Galactose-1-phosphate,FracCont,0.989977764
P1 Trac2,PGM1-CDG,13C6 Nutrient2,Galactose-6-phosphate,FracCont,0
P1 Trac2,PGM1-CDG,13C6 Nutrient2,Glucose-1-phosphate,FracCont,0.943485481
P1 Trac2,PGM1-CDG,13C6 Nutrient2,Glucose-6-phosphate,FracCont,0.444412307
P1 Trac2,PGM1-CDG,13C6 Nutrient2,Mannose-1-phosphate,FracCont,0
P1 Trac2,PGM1-CDG,13C6 Nutrient2,Mannose-6-phosphate,FracCont,-0.045058731
P1 Trac2,PGM1-CDG,13C6 Nutrient2,"Fructose 1,6-bisphosphate",FracCont,0.10314733
P1 Trac2,PGM1-CDG,13C6 Nutrient2,"Fructose 2,6-bisphosphate possibly1",FracCont,-0.020578201
P1 Trac2,PGM1-CDG,13C6 Nutrient2,"Glucose 1,6-bisphosphate",FracCont,0.957905432
P1 Trac2,PGM1-CDG,13C6 Nutrient2,Uridine diphosphate-N-acetylglucosamine,FracCont,0.020147728
P1 Trac2,PGM1-CDG,13C6 Nutrient2,Uridine diphosphate glucuronic acid,FracCont,0.38604335
P1 Trac2,PGM1-CDG,13C6 Nutrient2,Uridine diphosphate hexose,FracCont,0.402002255
P1 Trac2,PGM1-CDG,13C6 Nutrient2,GDP-Fucose,FracCont,-0.006153411
P5 Trac1,PGM1-CDG,13C6 Nutrient1,Fructose-6-phosphate,FracCont,0.032277511
P5 Trac1,PGM1-CDG,13C6 Nutrient1,Galactose-1-phosphate,FracCont,0.008399288
P5 Trac1,PGM1-CDG,13C6 Nutrient1,Galactose-6-phosphate,FracCont,0
P5 Trac1,PGM1-CDG,13C6 Nutrient1,Glucose-1-phosphate,FracCont,0.095912536
P5 Trac1,PGM1-CDG,13C6 Nutrient1,Glucose-6-phosphate,FracCont,0.950868607
P5 Trac1,PGM1-CDG,13C6 Nutrient1,Mannose-1-phosphate,FracCont,1.01010101
P5 Trac1,PGM1-CDG,13C6 Nutrient1,Mannose-6-phosphate,FracCont,1.01010101
P5 Trac1,PGM1-CDG,13C6 Nutrient1,"Fructose 1,6-bisphosphate",FracCont,0.955836262
P5 Trac1,PGM1-CDG,13C6 Nutrient1,"Fructose 2,6-bisphosphate possibly1",FracCont,1.01010101
P5 Trac1,PGM1-CDG,13C6 Nutrient1,"Glucose 1,6-bisphosphate",FracCont,0.14971873
P5 Trac1,PGM1-CDG,13C6 Nutrient1,Uridine diphosphate-N-acetylglucosamine,FracCont,0.626771492
P5 Trac1,PGM1-CDG,13C6 Nutrient1,Uridine diphosphate glucuronic acid,FracCont,0.369468723
P5 Trac1,PGM1-CDG,13C6 Nutrient1,Uridine diphosphate hexose,FracCont,0.355785722
P5 Trac1,PGM1-CDG,13C6 Nutrient1,GDP-Fucose,FracCont,0.688128478
P5 Trac2,PGM1-CDG,13C6 Nutrient2,Fructose-6-phosphate,FracCont,0.961554846
P5 Trac2,PGM1-CDG,13C6 Nutrient2,Galactose-1-phosphate,FracCont,0.98596685
P5 Trac2,PGM1-CDG,13C6 Nutrient2,Galactose-6-phosphate,FracCont,0
P5 Trac2,PGM1-CDG,13C6 Nutrient2,Glucose-1-phosphate,FracCont,0.899960474
P5 Trac2,PGM1-CDG,13C6 Nutrient2,Glucose-6-phosphate,FracCont,0.040904192
P5 Trac2,PGM1-CDG,13C6 Nutrient2,Mannose-1-phosphate,FracCont,-0.043239734
P5 Trac2,PGM1-CDG,13C6 Nutrient2,Mannose-6-phosphate,FracCont,-0.045058731
P5 Trac2,PGM1-CDG,13C6 Nutrient2,"Fructose 1,6-bisphosphate",FracCont,0.339254549
P5 Trac2,PGM1-CDG,13C6 Nutrient2,"Fructose 2,6-bisphosphate possibly1",FracCont,0.322981536
P5 Trac2,PGM1-CDG,13C6 Nutrient2,"Glucose 1,6-bisphosphate",FracCont,0.841606965
P5 Trac2,PGM1-CDG,13C6 Nutrient2,Uridine diphosphate-N-acetylglucosamine,FracCont,0.209361655
P5 Trac2,PGM1-CDG,13C6 Nutrient2,Uridine diphosphate glucuronic acid,FracCont,0.478321917
P5 Trac2,PGM1-CDG,13C6 Nutrient2,Uridine diphosphate hexose,FracCont,0.489377425
P5 Trac2,PGM1-CDG,13C6 Nutrient2,GDP-Fucose,FracCont,0.21422422
