"","compound","datatype","cohort","P_RA","Abund","Labeling","Fraction","label_cont","P_FC","lab_label","lablab_posAngle","lablab_posDist","P_lablab","P_RAlab"
"1","(2 and/or 3-)Phosphoglyceric acid","FracCont","0.5*",0.0387753909015247,1,"Labeled",0.0928588810517266,0.093,0.0495346134356268,"9.3%",0,0,"P_FC=0.05*","pRA=0.04*"
"2","(2 and/or 3-)Phosphoglyceric acid","FracCont","0.5*",0.0387753909015247,1,"Unlabeled",0.907141118948273,0.907,NA,"",0,0,"","pRA=0.04*"
"3","(2 and/or 3-)Phosphoglyceric acid","FracCont","1*",0.131816648218619,0.880910348409037,"Labeled",0.111037897682527,0.126,0.0495346134356268,"12.6%",0,0,"P_FC=0.05*","pRA=0.13"
"4","(2 and/or 3-)Phosphoglyceric acid","FracCont","1*",0.131816648218619,0.880910348409037,"Unlabeled",0.769872450726509,0.874,NA,"",0,0,"","pRA=0.13"
"5","13C5-D5-15N Glutamic acid","FracCont","0.5",0.0237141229588981,1,"Labeled",0,0,1,"0%",0,0,"P_FC=1","pRA=0.02*"
"6","13C5-D5-15N Glutamic acid","FracCont","0.5",0.0237141229588981,1,"Unlabeled",1,1,NA,"",0,0,"","pRA=0.02*"
"7","13C5-D5-15N Glutamic acid","FracCont","1",0.0394916689205365,0.974049396514835,"Labeled",0,0,1,"0%",0,0,"P_FC=1","pRA=0.04*"
"8","13C5-D5-15N Glutamic acid","FracCont","1",0.0394916689205365,0.974049396514835,"Unlabeled",0.974049396514835,1,NA,"",0,0,"","pRA=0.04*"
"9","2-Phosphoglyceric acid","FracCont","0.5*",0.0445547589167047,1,"Labeled",0.0790433523891137,0.079,0.0495346134356268,"7.9%",0,0,"P_FC=0.05*","pRA=0.04*"
"10","2-Phosphoglyceric acid","FracCont","0.5*",0.0445547589167047,1,"Unlabeled",0.920956647610886,0.921,NA,"",0,0,"","pRA=0.04*"
"11","2-Phosphoglyceric acid","FracCont","1*",0.0745954842840572,0.953014823343288,"Labeled",0.116282237515702,0.122,0.0495346134356268,"12.2%",0,0,"P_FC=0.05*","pRA=0.07"
"12","2-Phosphoglyceric acid","FracCont","1*",0.0745954842840572,0.953014823343288,"Unlabeled",0.836732585827587,0.878,NA,"",0,0,"","pRA=0.07"
"13","3-DL-Hydroxybutyric acid","FracCont","0.5*",0.850208455644274,0.784356942098039,"Labeled",0.0114252074675995,0.015,0.0495346134356268,"1.5%",0,0,"P_FC=0.05*","pRA=0.85"
"14","3-DL-Hydroxybutyric acid","FracCont","0.5*",0.850208455644274,0.784356942098039,"Unlabeled",0.772931734630439,0.985,NA,"",0,0,"","pRA=0.85"
"15","3-DL-Hydroxybutyric acid","FracCont","1*",0.707885829022908,1,"Labeled",0.0148909512377562,0.015,0.126630457947616,"1.5%",0,0,"P_FC=0.13","pRA=0.71"
"16","3-DL-Hydroxybutyric acid","FracCont","1*",0.707885829022908,1,"Unlabeled",0.985109048762244,0.985,NA,"",0,0,"","pRA=0.71"
"17","Citric acid","FracCont","0.5*",0.893301724747601,0.971477978369664,"Labeled",0.0198253970987582,0.02,0.0495346134356268,"2%",0,0,"P_FC=0.05*","pRA=0.89"
"18","Citric acid","FracCont","0.5*",0.893301724747601,0.971477978369664,"Unlabeled",0.951652581270906,0.98,NA,"",0,0,"","pRA=0.89"
"19","Citric acid","FracCont","1*",0.0469896434799251,0.49187469164719,"Labeled",0.0117117640845071,0.024,0.0495346134356268,"2.4%",0,0,"P_FC=0.05*","pRA=0.05*"
"20","Citric acid","FracCont","1*",0.0469896434799251,0.49187469164719,"Unlabeled",0.480162927562683,0.976,NA,"",0,0,"","pRA=0.05*"
"21","D-Glyceraldehyde 3-phosphate","FracCont","0.5*",0.000135399012797667,0.825929399711838,"Labeled",0.0641051946985971,0.078,0.0495346134356268,"7.8%",0,0,"P_FC=0.05*","pRA=0*"
"22","D-Glyceraldehyde 3-phosphate","FracCont","0.5*",0.000135399012797667,0.825929399711838,"Unlabeled",0.761824205013241,0.922,NA,"",0,0,"","pRA=0*"
"23","D-Glyceraldehyde 3-phosphate","FracCont","1*",3.06472383182673e-05,1,"Labeled",0.0917043739919349,0.092,0.0495346134356268,"9.2%",0,0,"P_FC=0.05*","pRA=0*"
"24","D-Glyceraldehyde 3-phosphate","FracCont","1*",3.06472383182673e-05,1,"Unlabeled",0.908295626008065,0.908,NA,"",0,0,"","pRA=0*"
"25","D7-Glucose","FracCont","0.5",0.323580909356375,1,"Labeled",0,0,1,"0%",0,0,"P_FC=1","pRA=0.32"
"26","D7-Glucose","FracCont","0.5",0.323580909356375,1,"Unlabeled",1,1,NA,"",0,0,"","pRA=0.32"
"27","D7-Glucose","FracCont","1",0.218863987339814,0.794515413258809,"Labeled",0,0,1,"0%",0,0,"P_FC=1","pRA=0.22"
"28","D7-Glucose","FracCont","1",0.218863987339814,0.794515413258809,"Unlabeled",0.794515413258809,1,NA,"",0,0,"","pRA=0.22"
"29","DL-2-Hydroxyglutaric acid","FracCont","0.5",0.643859280326447,1,"Labeled",0.00165667842380026,0.002,0.827259346562712,"0.2%",0,0,"P_FC=0.83","pRA=0.64"
"30","DL-2-Hydroxyglutaric acid","FracCont","0.5",0.643859280326447,1,"Unlabeled",0.9983433215762,0.998,NA,"",0,0,"","pRA=0.64"
"31","DL-2-Hydroxyglutaric acid","FracCont","1*",0.999093310470605,0.904069332995955,"Labeled",0.00159571394671556,0.002,0.827259346562712,"0.2%",0,0,"P_FC=0.83","pRA=1"
"32","DL-2-Hydroxyglutaric acid","FracCont","1*",0.999093310470605,0.904069332995955,"Unlabeled",0.902473619049239,0.998,NA,"",0,0,"","pRA=1"
"33","Dihydroxyacetone phosphate","FracCont","0.5*",2.80865888351384e-05,1,"Labeled",0.108522907539154,0.109,0.0495346134356268,"10.9%",0,0,"P_FC=0.05*","pRA=0*"
"34","Dihydroxyacetone phosphate","FracCont","0.5*",2.80865888351384e-05,1,"Unlabeled",0.891477092460846,0.891,NA,"",0,0,"","pRA=0*"
"35","Dihydroxyacetone phosphate","FracCont","1*",3.01740680429738e-05,0.991280571059803,"Labeled",0.0968165839925718,0.098,0.0495346134356268,"9.8%",0,0,"P_FC=0.05*","pRA=0*"
"36","Dihydroxyacetone phosphate","FracCont","1*",3.01740680429738e-05,0.991280571059803,"Unlabeled",0.894463987067232,0.902,NA,"",0,0,"","pRA=0*"
"37","Fructose","FracCont","0.5*",0.293056104198435,1,"Labeled",0.288903141033694,0.289,0.126630457947616,"28.9%",0,0,"P_FC=0.13","pRA=0.29"
"38","Fructose","FracCont","0.5*",0.293056104198435,1,"Unlabeled",0.711096858966306,0.711,NA,"",0,0,"","pRA=0.29"
"39","Fructose","FracCont","1",0.758683831929515,0.837487726637912,"Labeled",0.231754902289415,0.277,0.512690760261924,"27.7%",0,0,"P_FC=0.51","pRA=0.76"
"40","Fructose","FracCont","1",0.758683831929515,0.837487726637912,"Unlabeled",0.605732824348498,0.723,NA,"",0,0,"","pRA=0.76"
"41","Fucose","FracCont","0.5*",0.131794716535176,0.877019832827315,"Labeled",0.00963475731533913,0.011,0.827259346562712,"1.1%",0,0,"P_FC=0.83","pRA=0.13"
"42","Fucose","FracCont","0.5*",0.131794716535176,0.877019832827315,"Unlabeled",0.867385075511976,0.989,NA,"",0,0,"","pRA=0.13"
"43","Fucose","FracCont","1*",0.0538429951165998,1,"Labeled",0.00430637478062089,0.004,0.512690760261924,"0.4%",0,0,"P_FC=0.51","pRA=0.05"
"44","Fucose","FracCont","1*",0.0538429951165998,1,"Unlabeled",0.995693625219379,0.996,NA,"",0,0,"","pRA=0.05"
"45","Fumaric acid","FracCont","0.5*",0.0383794623290771,0.893998376449479,"Labeled",0.0113386590092874,0.013,0.0495346134356268,"1.3%",0,0,"P_FC=0.05*","pRA=0.04*"
"46","Fumaric acid","FracCont","0.5*",0.0383794623290771,0.893998376449479,"Unlabeled",0.882659717440192,0.987,NA,"",0,0,"","pRA=0.04*"
"47","Fumaric acid","FracCont","1*",0.0153314900388413,1,"Labeled",0.012798191186374,0.013,0.0495346134356268,"1.3%",0,0,"P_FC=0.05*","pRA=0.02*"
"48","Fumaric acid","FracCont","1*",0.0153314900388413,1,"Unlabeled",0.987201808813626,0.987,NA,"",0,0,"","pRA=0.02*"
"49","Galacturonic acid","FracCont","0.5*",0.00907313692540721,0.0608338803973543,"Labeled",0.0608338803973543,1,0,"100%",0,0,"P_FC=0*","pRA=0.01*"
"50","Galacturonic acid","FracCont","0.5*",0.00907313692540721,0.0608338803973543,"Unlabeled",0,0,NA,"",0,0,"","pRA=0.01*"
"51","Glucose","FracCont","0.5*",0.404805230133251,1,"Labeled",1,1,0.0495346134356268,"100%",0,0,"P_FC=0.05*","pRA=0.4"
"52","Glucose","FracCont","0.5*",0.404805230133251,1,"Unlabeled",0,0,NA,"",0,0,"","pRA=0.4"
"53","Glucose","FracCont","1*",0.845042186673414,0.879418280837673,"Labeled",0.879418280837673,1,0.0495346134356268,"100%",0,0,"P_FC=0.05*","pRA=0.85"
"54","Glucose","FracCont","1*",0.845042186673414,0.879418280837673,"Unlabeled",0,0,NA,"",0,0,"","pRA=0.85"
"55","Glucuronic acid","FracCont","0.5*",0.00291160576478717,0.87613376073733,"Labeled",0.00555127724571204,0.006,0.512690760261924,"0.6%",0,0,"P_FC=0.51","pRA=0*"
"56","Glucuronic acid","FracCont","0.5*",0.00291160576478717,0.87613376073733,"Unlabeled",0.870582483491618,0.994,NA,"",0,0,"","pRA=0*"
"57","Glucuronic acid","FracCont","1*",0.00133278445055339,1,"Labeled",0.00406392924629911,0.004,0.275233524074834,"0.4%",0,0,"P_FC=0.28","pRA=0*"
"58","Glucuronic acid","FracCont","1*",0.00133278445055339,1,"Unlabeled",0.995936070753701,0.996,NA,"",0,0,"","pRA=0*"
"59","Glycerol 3-phosphate","FracCont","0.5*",0.0273908866529581,0.903262190911821,"Labeled",0.0107910290742734,0.012,0.275233524074834,"1.2%",0,0,"P_FC=0.28","pRA=0.03*"
"60","Glycerol 3-phosphate","FracCont","0.5*",0.0273908866529581,0.903262190911821,"Unlabeled",0.892471161837547,0.988,NA,"",0,0,"","pRA=0.03*"
"61","Glycerol 3-phosphate","FracCont","1*",0.00952848225091237,1,"Labeled",0.00813894673929035,0.008,0.827259346562712,"0.8%",0,0,"P_FC=0.83","pRA=0.01*"
"62","Glycerol 3-phosphate","FracCont","1*",0.00952848225091237,1,"Unlabeled",0.99186105326071,0.992,NA,"",0,0,"","pRA=0.01*"
"63","Glycine","FracCont","0.5",0.089831536956674,0.892191815628328,"Labeled",0,0,1,"0%",0,0,"P_FC=1","pRA=0.09"
"64","Glycine","FracCont","0.5",0.089831536956674,0.892191815628328,"Unlabeled",0.892191815628328,1,NA,"",0,0,"","pRA=0.09"
"65","Glycine","FracCont","1",0.0300937420000719,1,"Labeled",0,0,1,"0%",0,0,"P_FC=1","pRA=0.03*"
"66","Glycine","FracCont","1",0.0300937420000719,1,"Unlabeled",1,1,NA,"",0,0,"","pRA=0.03*"
"67","Hexose","FracCont","0.5*",0.247815679380336,1,"Labeled",1,1,0.0495346134356268,"100%",0,0,"P_FC=0.05*","pRA=0.25"
"68","Hexose","FracCont","0.5*",0.247815679380336,1,"Unlabeled",0,0,NA,"",0,0,"","pRA=0.25"
"69","Hexose","FracCont","1*",0.555542669855482,0.836313279418389,"Labeled",0.836313279418389,1,0.0495346134356268,"100%",0,0,"P_FC=0.05*","pRA=0.56"
"70","Hexose","FracCont","1*",0.555542669855482,0.836313279418389,"Unlabeled",0,0,NA,"",0,0,"","pRA=0.56"
"71","Hexose-phosphate","FracCont","0.5*",0.00247809155173732,0.668590821867526,"Labeled",0.132574188260604,0.198,0.0495346134356268,"19.8%",0,0,"P_FC=0.05*","pRA=0*"
"72","Hexose-phosphate","FracCont","0.5*",0.00247809155173732,0.668590821867526,"Unlabeled",0.536016633606923,0.802,NA,"",0,0,"","pRA=0*"
"73","Hexose-phosphate","FracCont","1*",0.000115763510357043,1,"Labeled",0.149368944060171,0.149,0.0495346134356268,"14.9%",0,0,"P_FC=0.05*","pRA=0*"
"74","Hexose-phosphate","FracCont","1*",0.000115763510357043,1,"Unlabeled",0.850631055939829,0.851,NA,"",0,0,"","pRA=0*"
"75","L-Alanine","FracCont","0.5*",0.0139108063753571,0.63172885367416,"Labeled",0.00492642022324061,0.008,0.512690760261924,"0.8%",0,0,"P_FC=0.51","pRA=0.01*"
"76","L-Alanine","FracCont","0.5*",0.0139108063753571,0.63172885367416,"Unlabeled",0.626802433450919,0.992,NA,"",0,0,"","pRA=0.01*"
"77","L-Alanine","FracCont","1*",0.000341959722610773,1,"Labeled",0.0231489392231548,0.023,0.0495346134356268,"2.3%",0,0,"P_FC=0.05*","pRA=0*"
"78","L-Alanine","FracCont","1*",0.000341959722610773,1,"Unlabeled",0.976851060776845,0.977,NA,"",0,0,"","pRA=0*"
"79","L-Asparagine","FracCont","0.5",0.766676025000495,0.728047412591178,"Labeled",0.0449280076302023,0.062,0.827259346562712,"6.2%",0,0,"P_FC=0.83","pRA=0.77"
"80","L-Asparagine","FracCont","0.5",0.766676025000495,0.728047412591178,"Unlabeled",0.683119404960976,0.938,NA,"",0,0,"","pRA=0.77"
"81","L-Asparagine","FracCont","1",0.558320633818874,0.457368388904609,"Labeled",0.0455834495201011,0.1,0.275233524074834,"10%",0,0,"P_FC=0.28","pRA=0.56"
"82","L-Asparagine","FracCont","1",0.558320633818874,0.457368388904609,"Unlabeled",0.411784939384508,0.9,NA,"",0,0,"","pRA=0.56"
"83","L-Aspartic acid","FracCont","0.5*",0.0117843209403546,1,"Labeled",0.033173980294041,0.033,0.0495346134356268,"3.3%",0,0,"P_FC=0.05*","pRA=0.01*"
"84","L-Aspartic acid","FracCont","0.5*",0.0117843209403546,1,"Unlabeled",0.966826019705959,0.967,NA,"",0,0,"","pRA=0.01*"
"85","L-Aspartic acid","FracCont","1*",0.0243258374820807,0.92286993928693,"Labeled",0.0390768061354457,0.042,0.275233524074834,"4.2%",0,0,"P_FC=0.28","pRA=0.02*"
"86","L-Aspartic acid","FracCont","1*",0.0243258374820807,0.92286993928693,"Unlabeled",0.883793133151484,0.958,NA,"",0,0,"","pRA=0.02*"
"87","L-Cysteine","FracCont","0.5*",0.0320237403504859,0.917272273156825,"Labeled",0.0156144944972885,0.017,0.0495346134356268,"1.7%",0,0,"P_FC=0.05*","pRA=0.03*"
"88","L-Cysteine","FracCont","0.5*",0.0320237403504859,0.917272273156825,"Unlabeled",0.901657778659537,0.983,NA,"",0,0,"","pRA=0.03*"
"89","L-Cysteine","FracCont","1*",0.0108651004759893,1,"Labeled",0.0179294263927815,0.018,0.0495346134356268,"1.8%",0,0,"P_FC=0.05*","pRA=0.01*"
"90","L-Cysteine","FracCont","1*",0.0108651004759893,1,"Unlabeled",0.982070573607218,0.982,NA,"",0,0,"","pRA=0.01*"
"91","L-Glutamic acid","FracCont","0.5*",0.00269331048586818,0.642587358398664,"Labeled",0.000281820931060685,0,0.512690760261924,"0%",0,0,"P_FC=0.51","pRA=0*"
"92","L-Glutamic acid","FracCont","0.5*",0.00269331048586818,0.642587358398664,"Unlabeled",0.642305537467604,1,NA,"",0,0,"","pRA=0*"
"93","L-Glutamic acid","FracCont","1*",0.000105745170236085,1,"Labeled",0.000356668304124712,0,0.275233524074834,"0%",0,0,"P_FC=0.28","pRA=0*"
"94","L-Glutamic acid","FracCont","1*",0.000105745170236085,1,"Unlabeled",0.999643331695875,1,NA,"",0,0,"","pRA=0*"
"95","L-Isoleucine","FracCont","0.5*",0.00223248967195541,0.613898529173296,"Labeled",0.00887402542375567,0.014,0.0495346134356268,"1.4%",0,0,"P_FC=0.05*","pRA=0*"
"96","L-Isoleucine","FracCont","0.5*",0.00223248967195541,0.613898529173296,"Unlabeled",0.605024503749541,0.986,NA,"",0,0,"","pRA=0*"
"97","L-Isoleucine","FracCont","1*",6.07483366739241e-05,1,"Labeled",0.00755181113695066,0.008,0.0495346134356268,"0.8%",0,0,"P_FC=0.05*","pRA=0*"
"98","L-Isoleucine","FracCont","1*",6.07483366739241e-05,1,"Unlabeled",0.992448188863049,0.992,NA,"",0,0,"","pRA=0*"
"99","L-Lactic acid","FracCont","0.5*",0.947357240124665,0.809671574358299,"Labeled",0.0498452199881267,0.062,0.0495346134356268,"6.2%",0,0,"P_FC=0.05*","pRA=0.95"
"100","L-Lactic acid","FracCont","0.5*",0.947357240124665,0.809671574358299,"Unlabeled",0.759826354370173,0.938,NA,"",0,0,"","pRA=0.95"
"101","L-Lactic acid","FracCont","1*",0.35356716228642,1,"Labeled",0.192868538083676,0.193,0.0495346134356268,"19.3%",0,0,"P_FC=0.05*","pRA=0.35"
"102","L-Lactic acid","FracCont","1*",0.35356716228642,1,"Unlabeled",0.807131461916324,0.807,NA,"",0,0,"","pRA=0.35"
"103","L-Leucine","FracCont","0.5",0.0642834532240393,0.68404157645577,"Labeled",0.00303304299623992,0.004,0.275233524074834,"0.4%",0,0,"P_FC=0.28","pRA=0.06"
"104","L-Leucine","FracCont","0.5",0.0642834532240393,0.68404157645577,"Unlabeled",0.68100853345953,0.996,NA,"",0,0,"","pRA=0.06"
"105","L-Leucine","FracCont","1*",0.00898691958398831,1,"Labeled",0.00144590177910507,0.001,0.0495346134356268,"0.1%",0,0,"P_FC=0.05*","pRA=0.01*"
"106","L-Leucine","FracCont","1*",0.00898691958398831,1,"Unlabeled",0.998554098220895,0.999,NA,"",0,0,"","pRA=0.01*"
"107","L-Lysine","FracCont","0.5*",0.00644179383321211,0.761643536810645,"Labeled",0.00038515661444146,0.001,0.827259346562712,"0.1%",0,0,"P_FC=0.83","pRA=0.01*"
"108","L-Lysine","FracCont","0.5*",0.00644179383321211,0.761643536810645,"Unlabeled",0.761258380196204,0.999,NA,"",0,0,"","pRA=0.01*"
"109","L-Lysine","FracCont","1*",0.00105458955276798,1,"Labeled",0.00122773001906309,0.001,0.827259346562712,"0.1%",0,0,"P_FC=0.83","pRA=0*"
"110","L-Lysine","FracCont","1*",0.00105458955276798,1,"Unlabeled",0.998772269980937,0.999,NA,"",0,0,"","pRA=0*"
"111","L-Malic acid","FracCont","0.5*",0.0229308324550878,0.949407833095087,"Labeled",0.00122013904034915,0.001,0.04630159491511,"0.1%",0,0,"P_FC=0.05*","pRA=0.02*"
"112","L-Malic acid","FracCont","0.5*",0.0229308324550878,0.949407833095087,"Unlabeled",0.948187694054738,0.999,NA,"",0,0,"","pRA=0.02*"
"113","L-Malic acid","FracCont","1*",0.0138451667475557,1,"Labeled",0.00215962873799534,0.002,0.04630159491511,"0.2%",0,0,"P_FC=0.05*","pRA=0.01*"
"114","L-Malic acid","FracCont","1*",0.0138451667475557,1,"Unlabeled",0.997840371262005,0.998,NA,"",0,0,"","pRA=0.01*"
"115","L-Methionine","FracCont","0.5*",0.00450067009637134,0.772834040923644,"Labeled",0.00743222764708607,0.01,0.512690760261924,"1%",0,0,"P_FC=0.51","pRA=0*"
"116","L-Methionine","FracCont","0.5*",0.00450067009637134,0.772834040923644,"Unlabeled",0.765401813276558,0.99,NA,"",0,0,"","pRA=0*"
"117","L-Methionine","FracCont","1*",0.00043625714715851,1,"Labeled",0.00972982235857983,0.01,0.512690760261924,"1%",0,0,"P_FC=0.51","pRA=0*"
"118","L-Methionine","FracCont","1*",0.00043625714715851,1,"Unlabeled",0.99027017764142,0.99,NA,"",0,0,"","pRA=0*"
"119","L-Phenylalanine","FracCont","0.5*",0.00223554299234766,0.75115732687588,"Labeled",0.000101086139877692,0,0.126630457947616,"0%",0,0,"P_FC=0.13","pRA=0*"
"120","L-Phenylalanine","FracCont","0.5*",0.00223554299234766,0.75115732687588,"Unlabeled",0.751056240736002,1,NA,"",0,0,"","pRA=0*"
"121","L-Phenylalanine","FracCont","1*",0.000312287060432904,1,"Labeled",0.000272879495647106,0,0.275233524074834,"0%",0,0,"P_FC=0.28","pRA=0*"
"122","L-Phenylalanine","FracCont","1*",0.000312287060432904,1,"Unlabeled",0.999727120504353,1,NA,"",0,0,"","pRA=0*"
"123","L-Proline","FracCont","0.5*",0.0100534224430913,0.651455395223242,"Labeled",0,0,0.121335250358482,"0%",0,0,"P_FC=0.12","pRA=0.01*"
"124","L-Proline","FracCont","0.5*",0.0100534224430913,0.651455395223242,"Unlabeled",0.651455395223242,1,NA,"",0,0,"","pRA=0.01*"
"125","L-Proline","FracCont","1*",0.000707208797789999,1,"Labeled",0,0,0.121335250358482,"0%",0,0,"P_FC=0.12","pRA=0*"
"126","L-Proline","FracCont","1*",0.000707208797789999,1,"Unlabeled",1,1,NA,"",0,0,"","pRA=0*"
"127","L-Serine","FracCont","0.5",0.809767273291231,0.0881800904370903,"Labeled",0.000353972564279542,0.004,NA,"0.4%",0,0,"","pRA=0.81"
"128","L-Serine","FracCont","0.5",0.809767273291231,0.0881800904370903,"Unlabeled",0.0878261178728107,0.996,NA,"",0,0,"","pRA=0.81"
"129","L-Serine","FracCont","1",0.029069861242977,1,"Labeled",0,0,NA,"0%",0,0,"","pRA=0.03*"
"130","L-Serine","FracCont","1",0.029069861242977,1,"Unlabeled",1,1,NA,"",0,0,"","pRA=0.03*"
"131","L-Threonine","FracCont","0.5*",0.0108308436428975,0.549763977967079,"Labeled",0,0,0.0369039536137181,"0%",0,0,"P_FC=0.04*","pRA=0.01*"
"132","L-Threonine","FracCont","0.5*",0.0108308436428975,0.549763977967079,"Unlabeled",0.549763977967079,1,NA,"",0,0,"","pRA=0.01*"
"133","L-Threonine","FracCont","1*",0.000101600274901548,1,"Labeled",0,0,0.0369039536137181,"0%",0,0,"P_FC=0.04*","pRA=0*"
"134","L-Threonine","FracCont","1*",0.000101600274901548,1,"Unlabeled",1,1,NA,"",0,0,"","pRA=0*"
"135","L-Tryptophan","FracCont","0.5*",0.0110409528776583,0.727017694842146,"Labeled",0.00102068645195584,0.001,0.0495346134356268,"0.1%",0,0,"P_FC=0.05*","pRA=0.01*"
"136","L-Tryptophan","FracCont","0.5*",0.0110409528776583,0.727017694842146,"Unlabeled",0.72599700839019,0.999,NA,"",0,0,"","pRA=0.01*"
"137","L-Tryptophan","FracCont","1*",0.00134635268766288,1,"Labeled",0.00159736226441499,0.002,0.0495346134356268,"0.2%",0,0,"P_FC=0.05*","pRA=0*"
"138","L-Tryptophan","FracCont","1*",0.00134635268766288,1,"Unlabeled",0.998402637735585,0.998,NA,"",0,0,"","pRA=0*"
"139","L-Tyrosine","FracCont","0.5*",0.0111098349674592,0.631045884377248,"Labeled",0.00744390545289454,0.012,0.0495346134356268,"1.2%",0,0,"P_FC=0.05*","pRA=0.01*"
"140","L-Tyrosine","FracCont","0.5*",0.0111098349674592,0.631045884377248,"Unlabeled",0.623601978924354,0.988,NA,"",0,0,"","pRA=0.01*"
"141","L-Tyrosine","FracCont","1*",0.000754867282300661,1,"Labeled",0.00399033511801333,0.004,0.0495346134356268,"0.4%",0,0,"P_FC=0.05*","pRA=0*"
"142","L-Tyrosine","FracCont","1*",0.000754867282300661,1,"Unlabeled",0.996009664881987,0.996,NA,"",0,0,"","pRA=0*"
"143","L-Valine","FracCont","0.5*",0.00330088990399284,0.593831466898271,"Labeled",0.00400820652337263,0.007,0.0495346134356268,"0.7%",0,0,"P_FC=0.05*","pRA=0*"
"144","L-Valine","FracCont","0.5*",0.00330088990399284,0.593831466898271,"Unlabeled",0.589823260374899,0.993,NA,"",0,0,"","pRA=0*"
"145","L-Valine","FracCont","1*",6.49224639087752e-05,1,"Labeled",0.0065673647376123,0.007,0.0495346134356268,"0.7%",0,0,"P_FC=0.05*","pRA=0*"
"146","L-Valine","FracCont","1*",6.49224639087752e-05,1,"Unlabeled",0.993432635262388,0.993,NA,"",0,0,"","pRA=0*"
"147","Mannitol","FracCont","0.5",0.28349494865112,1,"Labeled",0.0660639777675565,0.066,0.275233524074834,"6.6%",0,0,"P_FC=0.28","pRA=0.28"
"148","Mannitol","FracCont","0.5",0.28349494865112,1,"Unlabeled",0.933936022232444,0.934,NA,"",0,0,"","pRA=0.28"
"149","Mannitol","FracCont","1",0.871555756768525,0.585882030524637,"Labeled",0.0549573600865533,0.094,0.268285883677117,"9.4%",0,0,"P_FC=0.27","pRA=0.87"
"150","Mannitol","FracCont","1",0.871555756768525,0.585882030524637,"Unlabeled",0.530924670438084,0.906,NA,"",0,0,"","pRA=0.87"
"151","Myo-inositol","FracCont","0.5",0.236852719120091,1,"Labeled",0.00286552141685362,0.003,0.512690760261924,"0.3%",0,0,"P_FC=0.51","pRA=0.24"
"152","Myo-inositol","FracCont","0.5",0.236852719120091,1,"Unlabeled",0.997134478583146,0.997,NA,"",0,0,"","pRA=0.24"
"153","Myo-inositol","FracCont","1",0.594324914256703,0.829211708806583,"Labeled",0.00240117861608324,0.003,0.512690760261924,"0.3%",0,0,"P_FC=0.51","pRA=0.59"
"154","Myo-inositol","FracCont","1",0.594324914256703,0.829211708806583,"Unlabeled",0.8268105301905,0.997,NA,"",0,0,"","pRA=0.59"
"155","Myristic acid d27","FracCont","0.5",0.252325824061404,1,"Labeled",0,0,1,"0%",0,0,"P_FC=1","pRA=0.25"
"156","Myristic acid d27","FracCont","0.5",0.252325824061404,1,"Unlabeled",1,1,NA,"",0,0,"","pRA=0.25"
"157","Myristic acid d27","FracCont","1",0.836694197946603,0.777909065841602,"Labeled",0,0,1,"0%",0,0,"P_FC=1","pRA=0.84"
"158","Myristic acid d27","FracCont","1",0.836694197946603,0.777909065841602,"Unlabeled",0.777909065841602,1,NA,"",0,0,"","pRA=0.84"
"159","Oxoadipic acid","FracCont","0.5*",0.5448887923888,0.42357466048347,"Labeled",0.00584816830846144,0.014,0,"1.4%",0,0,"P_FC=0*","pRA=0.54"
"160","Oxoadipic acid","FracCont","0.5*",0.5448887923888,0.42357466048347,"Unlabeled",0.417726492175008,0.986,NA,"",0,0,"","pRA=0.54"
"161","Oxoadipic acid","FracCont","1*",0.529115296057238,0.400002357561824,"Labeled",0.00552271259128877,0.014,0,"1.4%",0,0,"P_FC=0*","pRA=0.53"
"162","Oxoadipic acid","FracCont","1*",0.529115296057238,0.400002357561824,"Unlabeled",0.394479644970535,0.986,NA,"",0,0,"","pRA=0.53"
"163","Oxoglutaric acid","FracCont","0.5*",0.00417735552042955,1,"Labeled",0.000361013859709772,0,0.0495346134356268,"0%",0,0,"P_FC=0.05*","pRA=0*"
"164","Oxoglutaric acid","FracCont","0.5*",0.00417735552042955,1,"Unlabeled",0.99963898614029,1,NA,"",0,0,"","pRA=0*"
"165","Oxoglutaric acid","FracCont","1*",0.0182879954611595,0.824437224497812,"Labeled",0.000507083637655562,0.001,0.0495346134356268,"0.1%",0,0,"P_FC=0.05*","pRA=0.02*"
"166","Oxoglutaric acid","FracCont","1*",0.0182879954611595,0.824437224497812,"Unlabeled",0.823930140860157,0.999,NA,"",0,0,"","pRA=0.02*"
"167","Pentose-phosphate","FracCont","0.5*",0.280960382234097,1,"Labeled",0,0,1,"0%",0,0,"P_FC=1","pRA=0.28"
"168","Pentose-phosphate","FracCont","0.5*",0.280960382234097,1,"Unlabeled",1,1,NA,"",0,0,"","pRA=0.28"
"169","Pentose-phosphate","FracCont","1*",0.124740088250671,0.62925634798528,"Labeled",0.00300379003095459,0.005,0.0369039536137181,"0.5%",0,0,"P_FC=0.04*","pRA=0.12"
"170","Pentose-phosphate","FracCont","1*",0.124740088250671,0.62925634798528,"Unlabeled",0.626252557954325,0.995,NA,"",0,0,"","pRA=0.12"
"171","Phosphoenolpyruvic acid","FracCont","0.5*",0.0025908145077421,0.937272639803863,"Labeled",0.0954464426989582,0.102,0.0495346134356268,"10.2%",0,0,"P_FC=0.05*","pRA=0*"
"172","Phosphoenolpyruvic acid","FracCont","0.5*",0.0025908145077421,0.937272639803863,"Unlabeled",0.841826197104905,0.898,NA,"",0,0,"","pRA=0*"
"173","Phosphoenolpyruvic acid","FracCont","1*",0.00155360511393027,1,"Labeled",0.121239373736057,0.121,0.0495346134356268,"12.1%",0,0,"P_FC=0.05*","pRA=0*"
"174","Phosphoenolpyruvic acid","FracCont","1*",0.00155360511393027,1,"Unlabeled",0.878760626263943,0.879,NA,"",0,0,"","pRA=0*"
"175","Pyruvic acid","FracCont","0.5",0.0165696057366841,1,"Labeled",0.00349350787119771,0.003,0.827259346562712,"0.3%",0,0,"P_FC=0.83","pRA=0.02*"
"176","Pyruvic acid","FracCont","0.5",0.0165696057366841,1,"Unlabeled",0.996506492128802,0.997,NA,"",0,0,"","pRA=0.02*"
"177","Pyruvic acid","FracCont","1",0.0465122875979461,0.872810636124161,"Labeled",0.0025074980396869,0.003,0.827259346562712,"0.3%",0,0,"P_FC=0.83","pRA=0.05*"
"178","Pyruvic acid","FracCont","1",0.0465122875979461,0.872810636124161,"Unlabeled",0.870303138084474,0.997,NA,"",0,0,"","pRA=0.05*"
"179","Sorbitol","FracCont","0.5*",0.647143948252829,1,"Labeled",0.00730415291712322,0.007,0.0495346134356268,"0.7%",0,0,"P_FC=0.05*","pRA=0.65"
"180","Sorbitol","FracCont","0.5*",0.647143948252829,1,"Unlabeled",0.992695847082877,0.993,NA,"",0,0,"","pRA=0.65"
"181","Sorbitol","FracCont","1*",0.743038277151925,0.873966126354721,"Labeled",0.0120465516026083,0.014,0.0495346134356268,"1.4%",0,0,"P_FC=0.05*","pRA=0.74"
"182","Sorbitol","FracCont","1*",0.743038277151925,0.873966126354721,"Unlabeled",0.861919574752113,0.986,NA,"",0,0,"","pRA=0.74"
"183","Stearic acid","FracCont","0.5",0.459973530526559,0.274686684710881,"Labeled",7.29808717671134e-05,0,0.512690760261924,"0%",0,0,"P_FC=0.51","pRA=0.46"
"184","Stearic acid","FracCont","0.5",0.459973530526559,0.274686684710881,"Unlabeled",0.274613703839114,1,NA,"",0,0,"","pRA=0.46"
"185","Stearic acid","FracCont","1",0.770726911480651,1,"Labeled",0.00037514648537501,0,0.512690760261924,"0%",0,0,"P_FC=0.51","pRA=0.77"
"186","Stearic acid","FracCont","1",0.770726911480651,1,"Unlabeled",0.999624853514625,1,NA,"",0,0,"","pRA=0.77"
"187","Succinic acid","FracCont","0.5*",0.00235743162060923,0.112894820812145,"Labeled",2.42407881516537e-05,0,0.0369039536137181,"0%",0,0,"P_FC=0.04*","pRA=0*"
"188","Succinic acid","FracCont","0.5*",0.00235743162060923,0.112894820812145,"Unlabeled",0.112870580023993,1,NA,"",0,0,"","pRA=0*"
"189","Succinic acid","FracCont","1",0.00115527338774399,0,"Unlabeled",0,0,NA,"ND",0,0,"","pRA=0*"
"190","a-Ketobutyric acid","FracCont","0.5*",0.954433427735586,1,"Labeled",0.00621384726523699,0.006,1,"0.6%",0,0,"P_FC=1","pRA=0.95"
"191","a-Ketobutyric acid","FracCont","0.5*",0.954433427735586,1,"Unlabeled",0.993786152734763,0.994,NA,"",0,0,"","pRA=0.95"
"192","a-Ketobutyric acid","FracCont","1*",0.981188367643957,0.53745589303657,"Labeled",0.00333966883113079,0.006,0.317310507862914,"0.6%",0,0,"P_FC=0.32","pRA=0.98"
"193","a-Ketobutyric acid","FracCont","1*",0.981188367643957,0.53745589303657,"Unlabeled",0.534116224205439,0.994,NA,"",0,0,"","pRA=0.98"
"194","(2 and/or 3-)Phosphoglyceric acid","FracCont","0",NA,0.648009982903484,"Labeled",0.00518534826880028,0.008,NA,"0.8%",0,0,"",""
"195","(2 and/or 3-)Phosphoglyceric acid","FracCont","0",NA,0.648009982903484,"Unlabeled",0.642824634634684,0.992,NA,"",0,0,"",""
"196","13C5-D5-15N Glutamic acid","FracCont","0",NA,0.798592334285778,"Labeled",0,0,NA,"0%",0,0,"",""
"197","13C5-D5-15N Glutamic acid","FracCont","0",NA,0.798592334285778,"Unlabeled",0.798592334285778,1,NA,"",0,0,"",""
"198","2-Phosphoglyceric acid","FracCont","0",NA,0.684538953949969,"Labeled",0.00305889606500496,0.004,NA,"0.4%",0,0,"",""
"199","2-Phosphoglyceric acid","FracCont","0",NA,0.684538953949969,"Unlabeled",0.681480057884964,0.996,NA,"",0,0,"",""
"200","3-DL-Hydroxybutyric acid","FracCont","0",NA,0.856396825332155,"Labeled",0.00791952949906208,0.009,NA,"0.9%",0,0,"",""
"201","3-DL-Hydroxybutyric acid","FracCont","0",NA,0.856396825332155,"Unlabeled",0.848477295833093,0.991,NA,"",0,0,"",""
"202","Citric acid","FracCont","0",NA,1,"Labeled",0.000695639162619108,0.001,NA,"0.1%",0,0,"",""
"203","Citric acid","FracCont","0",NA,1,"Unlabeled",0.999304360837381,0.999,NA,"",0,0,"",""
"204","D-Glyceraldehyde 3-phosphate","FracCont","0",NA,0.242711280967225,"Labeled",0.00285635754579251,0.012,NA,"1.2%",0,0,"",""
"205","D-Glyceraldehyde 3-phosphate","FracCont","0",NA,0.242711280967225,"Unlabeled",0.239854923421433,0.988,NA,"",0,0,"",""
"206","D7-Glucose","FracCont","0",NA,0.909750976686064,"Labeled",0,0,NA,"0%",0,0,"",""
"207","D7-Glucose","FracCont","0",NA,0.909750976686064,"Unlabeled",0.909750976686064,1,NA,"",0,0,"",""
"208","DL-2-Hydroxyglutaric acid","FracCont","0",NA,0.904302321855934,"Labeled",0.00129297649886728,0.001,NA,"0.1%",0,0,"",""
"209","DL-2-Hydroxyglutaric acid","FracCont","0",NA,0.904302321855934,"Unlabeled",0.903009345357067,0.999,NA,"",0,0,"",""
"210","Dihydroxyacetone phosphate","FracCont","0",NA,0.294691596286656,"Labeled",0.00819349597406783,0.028,NA,"2.8%",0,0,"",""
"211","Dihydroxyacetone phosphate","FracCont","0",NA,0.294691596286656,"Unlabeled",0.286498100312589,0.972,NA,"",0,0,"",""
"212","Fructose","FracCont","0",NA,0.872946531194245,"Labeled",0.239653181668063,0.275,NA,"27.5%",0,0,"",""
"213","Fructose","FracCont","0",NA,0.872946531194245,"Unlabeled",0.633293349526182,0.725,NA,"",0,0,"",""
"214","Fucose","FracCont","0",NA,0.546345749057536,"Labeled",0.00791931389031664,0.014,NA,"1.4%",0,0,"",""
"215","Fucose","FracCont","0",NA,0.546345749057536,"Unlabeled",0.538426435167219,0.986,NA,"",0,0,"",""
"216","Fumaric acid","FracCont","0",NA,0.500207787793875,"Labeled",0.00410770503477003,0.008,NA,"0.8%",0,0,"",""
"217","Fumaric acid","FracCont","0",NA,0.500207787793875,"Unlabeled",0.496100082759105,0.992,NA,"",0,0,"",""
"218","Galacturonic acid","FracCont","0",NA,1,"Labeled",1,1,NA,"100%",0,0,"",""
"219","Galacturonic acid","FracCont","0",NA,1,"Unlabeled",0,0,NA,"",0,0,"",""
"220","Glucose","FracCont","0",NA,0.901788927510034,"Labeled",0.901788927510034,1,NA,"100%",0,0,"",""
"221","Glucose","FracCont","0",NA,0.901788927510034,"Unlabeled",0,0,NA,"",0,0,"",""
"222","Glucuronic acid","FracCont","0",NA,0.136739588207976,"Labeled",0.00142430713069888,0.01,NA,"1%",0,0,"",""
"223","Glucuronic acid","FracCont","0",NA,0.136739588207976,"Unlabeled",0.135315281077277,0.99,NA,"",0,0,"",""
"224","Glycerol 3-phosphate","FracCont","0",NA,0.57336080794484,"Labeled",0.00461928413412379,0.008,NA,"0.8%",0,0,"",""
"225","Glycerol 3-phosphate","FracCont","0",NA,0.57336080794484,"Unlabeled",0.568741523810716,0.992,NA,"",0,0,"",""
"226","Glycine","FracCont","0",NA,0.621928691540663,"Labeled",0,0,NA,"0%",0,0,"",""
"227","Glycine","FracCont","0",NA,0.621928691540663,"Unlabeled",0.621928691540663,1,NA,"",0,0,"",""
"228","Hexose","FracCont","0",NA,0.889964271032737,"Labeled",0.889964271032737,1,NA,"100%",0,0,"",""
"229","Hexose","FracCont","0",NA,0.889964271032737,"Unlabeled",0,0,NA,"",0,0,"",""
"230","Hexose-phosphate","FracCont","0",NA,0.24019573745984,"Labeled",0.0189644310559696,0.079,NA,"7.9%",0,0,"",""
"231","Hexose-phosphate","FracCont","0",NA,0.24019573745984,"Unlabeled",0.221231306403871,0.921,NA,"",0,0,"",""
"232","L-Alanine","FracCont","0",NA,0.303022125233735,"Labeled",0.00144791674729714,0.005,NA,"0.5%",0,0,"",""
"233","L-Alanine","FracCont","0",NA,0.303022125233735,"Unlabeled",0.301574208486438,0.995,NA,"",0,0,"",""
"234","L-Asparagine","FracCont","0",NA,1,"Labeled",0.0761596443817915,0.076,NA,"7.6%",0,0,"",""
"235","L-Asparagine","FracCont","0",NA,1,"Unlabeled",0.923840355618208,0.924,NA,"",0,0,"",""
"236","L-Aspartic acid","FracCont","0",NA,0.525390904201075,"Labeled",0.0245018377300137,0.047,NA,"4.7%",0,0,"",""
"237","L-Aspartic acid","FracCont","0",NA,0.525390904201075,"Unlabeled",0.500889066471061,0.953,NA,"",0,0,"",""
"238","L-Cysteine","FracCont","0",NA,0.649381809413856,"Labeled",0.00735624944073533,0.011,NA,"1.1%",0,0,"",""
"239","L-Cysteine","FracCont","0",NA,0.649381809413856,"Unlabeled",0.642025559973121,0.989,NA,"",0,0,"",""
"240","L-Glutamic acid","FracCont","0",NA,0.213448303027094,"Labeled",0.000141925834255582,0.001,NA,"0.1%",0,0,"",""
"241","L-Glutamic acid","FracCont","0",NA,0.213448303027094,"Unlabeled",0.213306377192839,0.999,NA,"",0,0,"",""
"242","L-Isoleucine","FracCont","0",NA,0.205923284115081,"Labeled",0.00851162308149375,0.041,NA,"4.1%",0,0,"",""
"243","L-Isoleucine","FracCont","0",NA,0.205923284115081,"Unlabeled",0.197411661033588,0.959,NA,"",0,0,"",""
"244","L-Lactic acid","FracCont","0",NA,0.795681044408225,"Labeled",0.0002344974078978,0,NA,"0%",0,0,"",""
"245","L-Lactic acid","FracCont","0",NA,0.795681044408225,"Unlabeled",0.795446547000327,1,NA,"",0,0,"",""
"246","L-Leucine","FracCont","0",NA,0.218293293356087,"Labeled",0.00309576606920123,0.014,NA,"1.4%",0,0,"",""
"247","L-Leucine","FracCont","0",NA,0.218293293356087,"Unlabeled",0.215197527286886,0.986,NA,"",0,0,"",""
"248","L-Lysine","FracCont","0",NA,0.223356586766434,"Labeled",0.000141205499430797,0.001,NA,"0.1%",0,0,"",""
"249","L-Lysine","FracCont","0",NA,0.223356586766434,"Unlabeled",0.223215381267003,0.999,NA,"",0,0,"",""
"250","L-Malic acid","FracCont","0",NA,0.567124225138429,"Labeled",0.000180288852468044,0,NA,"0%",0,0,"",""
"251","L-Malic acid","FracCont","0",NA,0.567124225138429,"Unlabeled",0.566943936285961,1,NA,"",0,0,"",""
"252","L-Methionine","FracCont","0",NA,0.379303523868781,"Labeled",0.00324807044193352,0.009,NA,"0.9%",0,0,"",""
"253","L-Methionine","FracCont","0",NA,0.379303523868781,"Unlabeled",0.376055453426848,0.991,NA,"",0,0,"",""
"254","L-Phenylalanine","FracCont","0",NA,0.202115787966979,"Labeled",0.00011967907405628,0.001,NA,"0.1%",0,0,"",""
"255","L-Phenylalanine","FracCont","0",NA,0.202115787966979,"Unlabeled",0.201996108892923,0.999,NA,"",0,0,"",""
"256","L-Proline","FracCont","0",NA,0.166251886561574,"Labeled",2.25002919166548e-05,0,NA,"0%",0,0,"",""
"257","L-Proline","FracCont","0",NA,0.166251886561574,"Unlabeled",0.166229386269657,1,NA,"",0,0,"",""
"258","L-Threonine","FracCont","0",NA,0.247170934070887,"Labeled",0.00384485227662411,0.016,NA,"1.6%",0,0,"",""
"259","L-Threonine","FracCont","0",NA,0.247170934070887,"Unlabeled",0.243326081794263,0.984,NA,"",0,0,"",""
"260","L-Tryptophan","FracCont","0",NA,0.233158985051732,"Labeled",0.0012399702095918,0.005,NA,"0.5%",0,0,"",""
"261","L-Tryptophan","FracCont","0",NA,0.233158985051732,"Unlabeled",0.23191901484214,0.995,NA,"",0,0,"",""
"262","L-Tyrosine","FracCont","0",NA,0.130242269251165,"Labeled",0.00821523566179253,0.063,NA,"6.3%",0,0,"",""
"263","L-Tyrosine","FracCont","0",NA,0.130242269251165,"Unlabeled",0.122027033589373,0.937,NA,"",0,0,"",""
"264","L-Valine","FracCont","0",NA,0.218512079995023,"Labeled",0.00580664483093184,0.027,NA,"2.7%",0,0,"",""
"265","L-Valine","FracCont","0",NA,0.218512079995023,"Unlabeled",0.212705435164091,0.973,NA,"",0,0,"",""
"266","Mannitol","FracCont","0",NA,0.637775602130668,"Labeled",0.0590511527214627,0.093,NA,"9.3%",0,0,"",""
"267","Mannitol","FracCont","0",NA,0.637775602130668,"Unlabeled",0.578724449409206,0.907,NA,"",0,0,"",""
"268","Myo-inositol","FracCont","0",NA,0.880390597292653,"Labeled",0.00250013448419479,0.003,NA,"0.3%",0,0,"",""
"269","Myo-inositol","FracCont","0",NA,0.880390597292653,"Unlabeled",0.877890462808459,0.997,NA,"",0,0,"",""
"270","Myristic acid d27","FracCont","0",NA,0.732425599434716,"Labeled",0,0,NA,"0%",0,0,"",""
"271","Myristic acid d27","FracCont","0",NA,0.732425599434716,"Unlabeled",0.732425599434716,1,NA,"",0,0,"",""
"272","Oxoadipic acid","FracCont","0",NA,1,"Labeled",0.0138067001028492,0.014,NA,"1.4%",0,0,"",""
"273","Oxoadipic acid","FracCont","0",NA,1,"Unlabeled",0.986193299897151,0.986,NA,"",0,0,"",""
"274","Oxoglutaric acid","FracCont","0",NA,0.38019902678278,"Labeled",0.00154466649063306,0.004,NA,"0.4%",0,0,"",""
"275","Oxoglutaric acid","FracCont","0",NA,0.38019902678278,"Unlabeled",0.378654360292147,0.996,NA,"",0,0,"",""
"276","Pentose-phosphate","FracCont","0",NA,0.852039595341026,"Labeled",0,0,NA,"0%",0,0,"",""
"277","Pentose-phosphate","FracCont","0",NA,0.852039595341026,"Unlabeled",0.852039595341026,1,NA,"",0,0,"",""
"278","Phosphoenolpyruvic acid","FracCont","0",NA,0.349713058937185,"Labeled",0.00174083194451411,0.005,NA,"0.5%",0,0,"",""
"279","Phosphoenolpyruvic acid","FracCont","0",NA,0.349713058937185,"Unlabeled",0.347972226992671,0.995,NA,"",0,0,"",""
"280","Pyruvic acid","FracCont","0",NA,0.471228348323504,"Labeled",0.00133005312617809,0.003,NA,"0.3%",0,0,"",""
"281","Pyruvic acid","FracCont","0",NA,0.471228348323504,"Unlabeled",0.469898295197326,0.997,NA,"",0,0,"",""
"282","Sorbitol","FracCont","0",NA,0.926422568189113,"Labeled",0.00113185941478878,0.001,NA,"0.1%",0,0,"",""
"283","Sorbitol","FracCont","0",NA,0.926422568189113,"Unlabeled",0.925290708774325,0.999,NA,"",0,0,"",""
"284","Stearic acid","FracCont","0",NA,0.797883242124224,"Labeled",0.000221972471456573,0,NA,"0%",0,0,"",""
"285","Stearic acid","FracCont","0",NA,0.797883242124224,"Unlabeled",0.797661269652767,1,NA,"",0,0,"",""
"286","Succinic acid","FracCont","0",NA,1,"Labeled",0,0,NA,"0%",0,0,"",""
"287","Succinic acid","FracCont","0",NA,1,"Unlabeled",1,1,NA,"",0,0,"",""
"288","a-Ketobutyric acid","FracCont","0",NA,0.212553805205443,"Labeled",0.00132077688119156,0.006,NA,"0.6%",0,0,"",""
"289","a-Ketobutyric acid","FracCont","0",NA,0.212553805205443,"Unlabeled",0.211233028324252,0.994,NA,"",0,0,"",""
"290","Galacturonic acid","FracCont","1",0.0068373486678344,0,"Unlabeled",0,0,NA,"ND",0,0,"","pRA=0.01*"
"291","L-Serine","FracCont","0",NA,0,"Unlabeled",0,0,NA,"ND",0,0,"",""
