compound,formula,id,rt,category,mz,std rt date,Comment,TMS functionalisation,Orig_name,Orig_form,N_mox,N_TMS,Sens ok?
MethylOctanoate(C8:0),,,8.735,00_Internal_Standard,159.13796,10/11/2024,,,MethylOctanoate(C8:0),,0,0,
MethylDecanoate(C10:0),,,11.578,00_Internal_Standard,187.16926,10/11/2024,,,MethylDecanoate(C10:0),,0,0,
MethylLaurate(C12:0),,,14.164,00_Internal_Standard,215.20056,10/11/2024,,,MethylLaurate(C12:0),,0,0,
MethylTridecanoate(C13:0),,,15.36,00_Internal_Standard,229.21621,10/11/2024,,,MethylTridecanoate(C13:0),,0,0,
MethylMyristate(C14:0),,,16.496,00_Internal_Standard,243.23186,10/11/2024,,,MethylMyristate(C14:0),,0,0,
MethylPalmitoleate(C16:1),,,18.407,00_Internal_Standard,269.24751,10/11/2024,,,MethylPalmitoleate(C16:1),,0,0,
MethylPalmitate(C16:0),,,18.614,00_Internal_Standard,271.26316,10/11/2024,,,MethylPalmitate(C16:0),,0,0,
MethylHeptadecanoate(C17:0),,,19.601,00_Internal_Standard,285.27881,10/11/2024,,,MethylHeptadecanoate(C17:0),,0,0,
MethylLinolenate(C18:3),,,20.312,00_Internal_Standard,293.24751,10/11/2024,,,MethylLinolenate(C18:3),,0,0,
MethylLinoleate(C18:2),,,20.254,00_Internal_Standard,295.26316,10/11/2024,,,MethylLinoleate(C18:2),,0,0,
MethylOleate(C18:1),,,20.315,00_Internal_Standard,297.27881,10/11/2024,,,MethylOleate(C18:1),,0,0,
MethylStearate(C18:0),,,20.55,00_Internal_Standard,299.29446,10/11/2024,,,MethylStearate(C18:0),,0,0,
13C5-D5-15N Glutamic acid_2TMS,,,14.183,00_Internal_Standard,303.18468,10/11/2024,,,13C5-D5-15N Glutamic acid,,0,2,
MethylEicosapentaenoate(C20:5),,,21.806,00_Internal_Standard,317.24751,10/11/2024,,,MethylEicosapentaenoate(C20:5),,0,0,
MethylArachidonate(C20:4),,,21.75,00_Internal_Standard,319.26316,10/11/2024,,,MethylArachidonate(C20:4),,0,0,
Methyl11-14-17-Eicosatrienoate(C20:3),,,22.134,00_Internal_Standard,321.27881,10/11/2024,,,Methyl11-14-17-Eicosatrienoate(C20:3),,0,0,
Methyl11-Eicosenoate(C20:1),,,22.121,00_Internal_Standard,325.31011,10/11/2024,,,Methyl11-Eicosenoate(C20:1),,0,0,
MethylArachidate(C20:0),,,22.337,00_Internal_Standard,327.32576,10/11/2024,,,MethylArachidate(C20:0),,0,0,
Myristic acid d27_1TMS,,,17.589,00_Internal_Standard,328.42521,10/11/2024,,,Myristic acid d27,,0,1,
MethylHeneicosanoate(C21:0),,,23.179,00_Internal_Standard,341.34141,10/11/2024,,,MethylHeneicosanoate(C21:0),,0,0,
MethylDocosahexaenoate(C22:6),,,23.382,00_Internal_Standard,343.26316,10/11/2024,,,MethylDocosahexaenoate(C22:6),,0,0,
MethylDocosapentaenoate(C22:5),,,23.5,00_Internal_Standard,345.27881,10/11/2024,,,MethylDocosapentaenoate(C22:5),,0,0,
MethylErucate(C22:1),,,23.799,00_Internal_Standard,353.34141,10/11/2024,,,MethylErucate(C22:1),,0,0,
MethylBehenate(C22:0),,,23.992,00_Internal_Standard,355.35706,10/11/2024,,,MethylBehenate(C22:0),,0,0,
MethylTricosanoate(C23:0),,,24.778,00_Internal_Standard,369.37271,10/11/2024,,,MethylTricosanoate(C23:0),,0,0,
13C5-D5-15N Glutamic acid_3TMS,,,15.207,00_Internal_Standard,375.22421,10/11/2024,,,13C5-D5-15N Glutamic acid,,0,3,
MethylNervonate(C24:1),,,25.367,00_Internal_Standard,381.37271,10/11/2024,,,MethylNervonate(C24:1),,0,0,
MethylLignocerate(C24:0),,,25.54,00_Internal_Standard,383.38836,10/11/2024,,,MethylLignocerate(C24:0),,0,0,
D7-Glucose_1MOX_5TMS,,,18.74,00_Internal_Standard,577.33879,20240920,,,D7-Glucose,,1,5,
Pyruvic_acid_1MOX_1TMS,C7H15NO3Si,HMDB00243,7.6,01_Glycolysis,190.0894,20240227,"very lowly abundant, likely undetectable in samples",,Pyruvic_acid,C3H4O3,1,1,
L-Lactic_acid_2TMS,C9H22O3Si2,HMDB00190,7.7,01_Glycolysis,235.11802,20240920,,,L-Lactic_acid,C3H6O3,0,2,
Phosphoenolpyruvic_acid_3TMS,C12H29O6PSi3,HMDB00263,15.01,01_Glycolysis,385.10823,20240920,,,Phosphoenolpyruvic_acid,C3H5O6P,0,3,
3-Phosphoglyceric_acid_3TMS,C12H31O7PSi3,HMDB00807,,01_Glycolysis,403.1188,,,,3-Phosphoglyceric_acid,C3H7O7P,0,3,
D-Glyceraldehyde_3-phosphate_1MOX_3TMS,C13H34NO6PSi3,HMDB01112,16.37,01_Glycolysis,416.15043,20240920,,,D-Glyceraldehyde_3-phosphate,C3H7O6P,1,3,
D-Glyceraldehyde_3-phosphate_pk2_1MOX_3TMS,C13H34NO6PSi3,HMDB01112,16.21,01_Glycolysis,416.15043,20231013,,,D-Glyceraldehyde_3-phosphate_pk2,C3H7O6P,1,3,
Dihydroxyacetone_phosphate_1MOX_3TMS,C13H34NO6PSi3,HMDB01473,16.61,01_Glycolysis,416.15043,20231013,,,Dihydroxyacetone_phosphate,C3H7O6P,1,3,
Dihydroxyacetone_phosphate_pk2_1MOX_3TMS,C13H34NO6PSi3,HMDB01473,16.75,01_Glycolysis,416.15043,20240920,,,Dihydroxyacetone_phosphate_pk2,C3H7O6P,1,3,
Glycerol_3-phosphate_4TMS,C15H41O6PSi4,HMDB00126,16.82,01_Glycolysis,461.17906,20240920,,,Glycerol_3-phosphate,C3H9O6P,0,4,
2-Phosphoglyceric_acid_4TMS,C15H39O7PSi4,HMDB00807,17.47,01_Glycolysis,475.15832,20221230,,,2-Phosphoglyceric_acid,C3H7O7P,0,4,
3-Phosphoglyceric_acid_4TMS,C15H39O7PSi4,HMDB00807,17.31,01_Glycolysis,475.15832,20240920,,TMS: add C3H8Si or  72.03953 Da,(2 and/or 3-)Phosphoglyceric_acid,C3H7O7P,0,4,
Hexose_1MOX_4TMS,C19H47NO6Si4,,,01_Glycolysis,498.25532,,,,Hexose,C6H12O6,1,4,
Hexose_1MOX_5TMS,C22H55NO6Si5,,,01_Glycolysis,570.29485,,,,Hexose,C6H12O6,1,5,
"2,3-Bisphosphoglyceric acid_5TMS",C18H48O10P2Si5,,21.09,01_Glycolysis,627.16418,20230717,,,"2,3-Bisphosphoglyceric acid",C3H8O10P2,0,5,
Hexose-phosphate_1MOX_5TMS,C22H56NO9PSi5,,,01_Glycolysis,650.26118,,,,Hexose-phosphate,C6H13O9P,1,5,
Hexose-phosphate_6TMS,C24H61O9PSi6,,,01_Glycolysis,693.27416,,,,Hexose-phosphate,C6H13O9P,0,6,
Hexose-phosphate_1MOX_6TMS,C25H64NO9PSi6,,22.17,01_Glycolysis,722.30071,20240920,,,Hexose-phosphate,C6H13O9P,1,6,
Hexose bisphosphate_1MOX_7TMS,C28H73NO12P2Si7,HMDB01058,26.65,01_Glycolysis,874.30656,"20230206 F16bP, at end in burnoff phase, maybe not useful",,,Hexose bisphosphate,C6H14O12P2,1,7,
Fumaric_acid_2TMS,C10H20O4Si2,HMDB00134,11.88,02_Krebs Cycle,261.09729,20240920,,,Fumaric_acid,C4H4O4,0,2,
Succinic_acid_2TMS,C10H22O4Si2,HMDB00254,11.39,02_Krebs Cycle,263.11294,20240920,,,Succinic_acid,C4H6O4,0,2,
Oxoglutaric_acid_2TMS,C11H22O5Si2,HMDB00208,,02_Krebs Cycle,291.10785,20221230,,,Oxoglutaric_acid,C5H6O5,0,2,
Oxalacetic_acid_1MOX_2TMS,C11H23NO5Si2,HMDB00223,13.29,02_Krebs Cycle,306.11875,20240229,,,Oxalacetic_acid,C4H4O5,1,2,
Oxoglutaric_acid_1MOX_2TMS,C12H25NO5Si2,HMDB00208,14.72,02_Krebs Cycle,320.1344,20240920,,,Oxoglutaric_acid,C5H6O5,1,2,
L-Malic_acid_3TMS,C13H30O5Si3,HMDB00156,13.65,02_Krebs Cycle,351.14738,20240920,,,L-Malic_acid,C4H6O5,0,3,
cis/trans-Aconitic_acid_3TMS,C15H30O6Si3,HMDB00072,16.66,02_Krebs Cycle,391.14229,20240229,,,cis/trans-Aconitic_acid,C6H6O6,0,3,
(iso)Citric_acid_3TMS,C15H32O7Si3,,,02_Krebs Cycle,409.15286,,,,(iso)Citric_acid,C6H8O7,0,3,
(iso)Citric_acid_4TMS,C18H40O7Si4,HMDB00094,17.43,02_Krebs Cycle,481.19239,20240920,iso and citrate std tested separately,,Citric_acid,C6H8O7,0,4,
L-Proline_1TMS,C8H17NO2Si,HMDB00162,9.62,03_Amino Acids,188.11013,20240920,,,L-Proline,C5H9NO2,0,1,
L-Methionine_1TMS,C8H19NO2SSi,HMDB00696,12.75,03_Amino Acids,222.09785,20240920,,,L-Methionine,C5H11NO2S,0,1,
L-Alanine_2TMS,C9H23NO2Si2,HMDB00161,8.37,03_Amino Acids,234.13401,20240920,,,L-Alanine,C3H7NO2,0,2,
L-Phenylalanine_1TMS,C12H19NO2Si,HMDB00159,14.46,03_Amino Acids,238.12578,20240920,,,L-Phenylalanine,C9H11NO2,0,1,
L-Serine_2TMS,C9H23NO3Si2,HMDB00187,10.64,03_Amino Acids,250.12892,20240920,,,L-Serine,C3H7NO3,0,2,
L-Proline_2TMS,C11H25NO2Si2,HMDB00162,11.18,03_Amino Acids,260.14966,20240920,,,L-Proline,C5H9NO2,0,2,
L-Valine_2TMS,C11H27NO2Si2,HMDB00883,10.01,03_Amino Acids,262.16531,20240920,,,L-Valine,C5H11NO2,0,2,
L-Threonine_2TMS,C10H25NO3Si2,HMDB00167,11.14,03_Amino Acids,264.14457,20240920,,,L-Threonine,C4H9NO3,0,2,
L-Isoleucine_2TMS,C12H29NO2Si2,HMDB00172,11.09,03_Amino Acids,276.18096,20240920,,,L-Isoleucine,C6H13NO2,0,2,
L-Leucine_2TMS,C12H29NO2Si2,HMDB00687,10.8,03_Amino Acids,276.18096,20240920,,,L-Leucine,C6H13NO2,0,2,
L-Aspartic_acid_2TMS,C10H23NO4Si2,HMDB0000191,12.88,03_Amino Acids,278.12384,20240920,,,L-Aspartic_acid,C4H7NO4,0,2,
L-Glutamic_acid_2TMS,C11H25NO4Si2,HMDB00148,14.24,03_Amino Acids,292.13949,20240920,,,L-Glutamic_acid,C5H9NO4,0,2,
Glycine_3TMS,C11H29NO2Si3,HMDB00123,11.29,03_Amino Acids,292.15789,20240920,,,Glycine,C2H5NO2,0,3,
L-Methionine_2TMS,C11H27NO2SSi2,HMDB00696,14.23,03_Amino Acids,294.13738,20240920,,,L-Methionine,C5H11NO2S,0,2,
L-Histidine_2TMS,C12H25N3O2Si2,HMDB00177,,03_Amino Acids,300.15581,,,,L-Histidine,C6H9N3O2,0,2,
L-Phenylalanine_2TMS,C15H27NO2Si2,HMDB00159,15.35,03_Amino Acids,310.16531,20240920,,,L-Phenylalanine,C9H11NO2,0,2,
L-Serine_3TMS,C12H31NO3Si3,HMDB00187,11.99,03_Amino Acids,322.16845,20240920,,,L-Serine,C3H7NO3,0,3,
L-Tyrosine_2TMS,C15H27NO3Si2,HMDB0000158,18.19,03_Amino Acids,326.16022,20240920,,,L-Tyrosine,C9H11NO3,0,2,
L-Threonine_3TMS,C13H33NO3Si3,HMDB00167,12.33,03_Amino Acids,336.1841,20240920,,,L-Threonine,C4H9NO3,0,3,
L-Cysteine_3TMS,C12H31NO2SSi3,HMDB00574,13.43,03_Amino Acids,338.14561,20240920,,,L-Cysteine,C3H7NO2S,0,3,
L-Tryptophan_2TMS,C17H28N2O2Si2,HMDB00929,21.23,03_Amino Acids,349.17621,20240920,,,L-Tryptophan,C11H12N2O2,0,2,
L-Asparagine_3TMS,C13H32N2O3Si3,HMDB00168,16.21,03_Amino Acids,349.17935,20221230,,,L-Asparagine,C4H8N2O3,0,3,
L-Aspartic_acid_3TMS,C13H31NO4Si3,HMDB0000191,14.05,03_Amino Acids,350.16336,20240920,,,L-Aspartic_acid,C4H7NO4,0,3,
L-Glutamine_3TMS,C14H34N2O3Si3,HMDB00641,15.72,03_Amino Acids,363.195,20240920,,,L-Glutamine,C5H10N2O3,0,3,
L-Lysine_3TMS,C15H38N2O2Si3,HMDB00182,17.83,03_Amino Acids,363.23138,20240920,,,L-Lysine,C6H14N2O2,0,3,
L-Glutamic_acid_3TMS,C14H33NO4Si3,HMDB00148,15.24,03_Amino Acids,364.17901,20240920,,,L-Glutamic_acid,C5H9NO4,0,3,
L-Histidine_3TMS,C15H33N3O2Si3,HMDB00177,18.87,03_Amino Acids,372.19533,20221230,,,L-Histidine,C6H9N3O2,0,3,
L-Tyrosine_3TMS,C18H35NO3Si3,HMDB0000158,18.7,03_Amino Acids,398.19975,20240920,,,L-Tyrosine,C9H11NO3,0,3,
L-Tryptophan_3TMS,C20H36N2O2Si3,HMDB00929,21.72,03_Amino Acids,421.21573,20221230,,,L-Tryptophan,C11H12N2O2,0,3,
Myristic_acid_1TMS,C17H36O2Si,HMDB00806,,04_Free Fatty Acids,301.25573,20221230 mix not found check pure or lower mass,,,Myristic_acid,C14H28O2,0,1,
Palmitic_acid_1TMS,C19H40O2Si,HMDB00220,19.89,04_Free Fatty Acids,329.28703,20221230,,,Palmitic_acid,C16H32O2,0,1,
Stearic_acid_1TMS,C21H44O2Si,HMDB00827,21.7,04_Free Fatty Acids,357.31833,20221230,,,Stearic_acid,C18H36O2,0,1,
Fructose_1MOX_5TMS,C22H55NO6Si5,,18.52,07_Sugar(P),570.29485,20221230,,,Fructose,C6H12O6,1,5,
Glucose_1MOX_5TMS,C22H55NO6Si5,,18.79,07_Sugar(P),570.29485,20221230,,,Glucose,C6H12O6,1,5,
Fructose_6-phosphate_1MOX_6TMS,C25H64NO9PSi6,,22.35,07_Sugar(P),722.30071,20240229,,,Fructose_6-phosphate,C6H13O9P,1,6,
Glucose_6-phosphate_1MOX_6TMS,C25H65NO12P2Si6,,22.82,07_Sugar(P),802.26704,20221230,,,Glucose_6-phosphate,C6H14O12P2,1,6,
Itaconic_acid_2TMS,C11H22O4Si2,HMDB02092,12.16,08_Others,275.11294,20221230,,,Itaconic_acid,C5H6O4,0,2,
Arachidonic_acid_1TMS,C23H40O2Si,HMDB01043,22.85,08_Others,377.28703,20221230,,,Arachidonic_acid,C20H32O2,0,1,
Pentose-phosphate_1MOX_5TMS,C21H54NO8PSi5,,20.29,09_Pentose_Phosphate,620.25061,20240920,,,Pentose-phosphate,C5H11O8P,1,5,
Ribose-5-phosphate_1MOX_5TMS,C21H54NO8PSi5,,20.3,09_Pentose_Phosphate,620.25061,20240229,,,Ribose-5-phosphate,C5H11O8P,1,5,
Ribulose-5-phosphate_1MOX_5TMS,C21H54NO8PSi5,,20.43,09_Pentose_Phosphate,620.25061,20240229,,,Ribulose-5-phosphate,C5H11O8P,1,5,
Xylulose-5-phosphate_1MOX_5TMS,C21H54NO8PSi5,,20.4,09_Pentose_Phosphate,620.25061,20240229,,,Xylulose-5-phosphate,C5H11O8P,1,5,
D-Sedoheptulose_7-phosphate_1MOX_6TMS,C26H66NO10PSi6,HMDB01068,24.96,09_Pentose_Phosphate,752.31127,,,,D-Sedoheptulose_7-phosphate,C7H15O10P,1,6,no
6-Phosphogluconic_acid_7TMS,C27H69O10PSi7,HMDB01316,23.79,09_Pentose_Phosphate,781.3086,20221230,,,6-Phosphogluconic_acid,C6H13O10P,0,7,no
Choline_1TMS,C8H21NOSi,HMDB0000097,,11_Brain_Osmolytes,176.14652,,,,Choline,C5H13NO,0,1,
Succinylcholine,C14H30N2O4,HMDB14347,,11_Brain_Osmolytes,291.22783,,,,Succinylcholine,C14H30N2O4,0,0,
Creatine_3TMS,C13H33N3O2Si3,HMDB0000064,,11_Brain_Osmolytes,348.19533,,,,Creatine,C4H9N3O2,0,3,
Creatine_4TMS,C16H41N3O2Si4,HMDB0000064,,11_Brain_Osmolytes,420.23486,,,,Creatine,C4H9N3O2,0,4,
phosphocreatine_4TMS,C16H42N3O5PSi4,HMDB0001511,,11_Brain_Osmolytes,500.20119,,,,phosphocreatine,C4H10N3O5P,0,4,
Myo-inositol_6TMS,C24H60O6Si6,HMDB0000211,20.15,11_Brain_Osmolytes,613.30783,20240920,,,Myo-inositol,C6H12O6,0,6,
Testosterone_1MOX_1TMS,C23H39NO2Si,,,12_Bile_Acids,390.28228,,,,Testosterone,C19H28O2,1,1,
Estradiol_2TMS,C24H40O2Si2,,,12_Bile_Acids,417.26396,,,,Estradiol,C18H24O2,0,2,
Corticosterone_2MOX_2TMS,C29H52N2O4Si2,,,12_Bile_Acids,549.35384,,,,Corticosterone,C21H30O4,2,2,
Aldosterone_3MOX_2TMS,C30H53N3O5Si2,,,12_Bile_Acids,592.35965,,,,Aldosterone,C21H28O5,3,2,
Ornithine_3TMS,C14H36N2O2Si3,HMDB00214,15.18,13_Urea cycle,349.21573,20240229,"Little amount, TBDMS better?",,Ornithine,C5H12N2O2,0,3,
L-Citrulline_3TMS,C15H37N3O3Si3,HMDB00904,20.59,13_Urea cycle,392.22155,20221230,,,L-Citrulline,C6H13N3O3,0,3,
N-Acetylputrescine_1TMS,C9H22N2OSi,HMDB02064,,14_PolyAmine,203.15742,,,,N-Acetylputrescine,C6H14N2O,0,1,
Putrescine_2TMS,C10H28N2Si2,HMDB01414,,14_PolyAmine,233.18638,20221230 Not found in standard,,,Putrescine,C4H12N2,0,2,
N1-Acetylspermidine_1TMS,C12H29N3OSi,HMDB01276,,14_PolyAmine,260.21527,20221230 mix not found check pure or lower mass,,,N1-Acetylspermidine,C9H21N3O,0,1,
N8-Acetylspermidine_1TMS,C12H29N3OSi,,,14_PolyAmine,260.21527,,,,N8-Acetylspermidine,C9H21N3O,0,1,
Spermidine_2TMS,C13H35N3Si2,HMDB01257,,14_PolyAmine,290.24423,,,,Spermidine,C7H19N3,0,2,
N-Acetylspermine_1TMS,C15H36N4OSi,HMDB01186,,14_PolyAmine,317.27312,20221230 mix not found check pure or lower mass,,,N-Acetylspermine,C12H28N4O,0,1,
Spermine_2TMS,C16H42N4Si2,HMDB01256,,14_PolyAmine,347.30208,,,,Spermine,C10H26N4,0,2,
Putrescine_4TMS,C16H44N2Si4,HMDB01414,,14_PolyAmine,377.26543,,,,Putrescine,C4H12N2,0,4,
Spermidine_5TMS,C22H59N3Si5,HMDB01257,22.03,14_PolyAmine,506.36281,20221230,,,Spermidine,C7H19N3,0,5,
Spermine_6TMS,C28H74N4Si6,,26.49,14_PolyAmine,635.46018,20221230 Not found in standard,,,Spermine,C10H26N4,0,6,
2-DL-Hydroxybutyric acid_2TMS_2TMS,C10H24O3Si2,,8.73,Other,249.13367,,,,2-DL-Hydroxybutyric acid,C4H8O3,0,2,
3-DL-Hydroxybutyric acid_2TMS_2TMS,C10H24O3Si2,,9.23,Other,249.13367,,,,3-DL-Hydroxybutyric acid,C4H8O3,0,2,
3-DL-Hydroxybutyric acid_2TMS_pk2_2TMS,C10H24O3Si2,,14.9,Other,249.13367,,,,3-DL-Hydroxybutyric acid_pk2,C4H8O3,0,2,
Oxoadipic_acid_1MOX_2TMS,C13H27NO5Si2,,15.7,Other,334.15005,20231013,,,Oxoadipic_acid,C6H8O5,1,2,
Oxoadipic_acid_pk2_1MOX_2TMS,C13H27NO5Si2,,15.39,Other,334.15005,20231013,,,Oxoadipic_acid_pk2,C6H8O5,1,2,
DL-2-Hydroxyglutaric acid_3TMS,C14H32O5Si3,,14.7,Other,365.16303,20240229,,,DL-2-Hydroxyglutaric acid,C5H8O5,0,3,
Phosphoserine_3TMS,C12H32NO6PSi3,,17.04,Other,402.13478,20240229,,,Phosphoserine,C3H8NO6P,0,3,
2-deoxy-d-glucose_1MOX_4TMS,C19H47NO5Si4,,17.11,Sugars,482.26041,20240229,,,2-deoxy-d-glucose,C6H12O5,1,4,
Deoxyhexose_1MOX_4TMS,C19H47NO5Si4,,,Sugars,482.26041,,,,Deoxyhexose,C6H12O5,1,4,
Fucose_1MOX_4TMS,C19H47NO5Si4,,16.4,Sugars,482.26041,20240229,,,Fucose,C6H12O5,1,4,
Fucose_pk2_1MOX_4TMS,C19H47NO5Si4,,16.55,Sugars,482.26041,20240229,,,Fucose_pk2,C6H12O5,1,4,
Galacturonic acid_1MOX_5TMS,C22H53NO7Si5,,18.69,Sugars,584.27411,20240229,,,Galacturonic acid,C6H10O7,1,5,
Galacturonic acid pk2_1MOX_5TMS,C22H53NO7Si5,,18.88,Sugars,584.27411,20240229,,,Galacturonic acid pk2,C6H10O7,1,5,
Glucuronic acid_1MOX_5TMS,C22H53NO7Si5,,18.6,Sugars,584.27411,20240229,,,Glucuronic acid,C6H10O7,1,5,
Glucuronic acid pk2_1MOX_5TMS,C22H53NO7Si5,,18.77,Sugars,584.27411,20240229,,,Glucuronic acid pk2,C6H10O7,1,5,
Hexamethylcyclotrisiloxane,C6H18O3Si3,,26,XX_Column bleed,223.06365,,,,Hexamethylcyclotrisiloxane,C6H18O3Si3,0,0,
Octamethylcyclotetrasiloxane,C8H24O4Si4,,26,XX_Column bleed,297.08244,,,,Octamethylcyclotetrasiloxane,C8H24O4Si4,0,0,
Tributylamine,C12H27N,,,XX_ionisation_background,186.22163,,,,Tributylamine,C12H27N,0,0,
Eicosamethylcyclodecasiloxane,C20H60O10Si10,,26,XX_septum bleed,741.19519,,,,Eicosamethylcyclodecasiloxane,C20H60O10Si10,0,0,
Pentyol_5TMS,C20H52O5Si5,,16.86,XX_Special,513.27338,20221230,Might be able to separate some (check mixes),,Pentyol,C5H12O5,0,5,
Galactitol_6TMS,C24H62O6Si6,,18.68,XX_Special,615.32348,20240229,can identify but not fully separate if big differences peak size,,Galactitol,C6H14O6,0,6,
Mannitol_6TMS,C24H62O6Si6,,18.56,XX_Special,615.32348,20240229,Might be able to separate some (check mixes),,Mannitol,C6H14O6,0,6,
Sorbitol_6TMS,C24H62O6Si6,,18.65,XX_Special,615.32348,20240920,can identify but not fully separate if big differences peak size,,Sorbitol,C6H14O6,0,6,
Uracil,C4H4N2O2,HMDB00300,,ZA_untested,113.03455,,,,Uracil,C4H4N2O2,0,0,
Uracil_1MOX,C5H7N3O2,HMDB00300,,ZA_untested,142.0611,,,,Uracil,C4H4N2O2,1,0,
Dihydrouracil_2MOX,C6H12N4O2,HMDB00076,,ZA_untested,173.1033,,,,Dihydrouracil,C4H6N2O2,2,0,
Acetoacetate_1MOX_1TMS,C8H17NO3Si,,8.84,ZA_untested,204.10505,,,,Acetoacetate,C4H6O3,1,1,
Acetoacetate pk2_1MOX_1TMS,C8H17NO3Si,,8.58,ZA_untested,204.10505,,,,Acetoacetate pk2,C4H6O3,1,1,
Ureidopropionic acid_1TMS,C7H16N2O3Si,HMDB00026,,ZA_untested,205.1003,,,,Ureidopropionic acid,C4H8N2O3,0,1,
2-Oxovaleric acid_1MOX_1TMS,C9H19NO3Si,HMDB01865,,ZA_untested,218.1207,,,,2-Oxovaleric acid,C5H8O3,1,1,
alpha-Ketoisovaleric acid_1MOX_1TMS,C9H19NO3Si,HMDB00019,,ZA_untested,218.1207,,,,alpha-Ketoisovaleric acid,C5H8O3,1,1,
Orotic acid_1TMS,C8H12N2O4Si,HMDB00226,,ZA_untested,229.06391,,,,Orotic acid,C5H4N2O4,0,1,
L-Dihydroorotic acid_1TMS,C8H14N2O4Si,HMDB03349,,ZA_untested,231.07956,,,,L-Dihydroorotic acid,C5H6N2O4,0,1,
3-Methyl-2-oxovaleric acid_1MOX_1TMS,C10H21NO3Si,HMDB00491,,ZA_untested,232.13635,,,,3-Methyl-2-oxovaleric acid,C6H10O3,1,1,
Ketoleucine_1MOX_1TMS,C10H21NO3Si,HMDB00695,,ZA_untested,232.13635,,,,Ketoleucine,C6H10O3,1,1,
beta-Alanine_2TMS,C9H23NO2Si2,HMDB00056,,ZA_untested,234.13401,,,,beta-Alanine,C3H7NO2,0,2,
Dihydrouracil_2MOX_1TMS,C9H20N4O2Si,HMDB00076,,ZA_untested,245.14283,,,,Dihydrouracil,C4H6N2O2,2,1,
Malonate_2TMS,C9H20O4Si2,HMDB00691,,ZA_untested,249.09729,,,,Malonate,C3H4O4,0,2,
Orotic acid_1MOX_1TMS,C9H15N3O4Si,HMDB00226,,ZA_untested,258.09046,,,,Orotic acid,C5H4N2O4,1,1,
L-Dihydroorotic acid_1MOX_1TMS,C9H17N3O4Si,HMDB03349,,ZA_untested,260.10611,,,,L-Dihydroorotic acid,C5H6N2O4,1,1,
4-Hydroxyproline_2TMS,C11H25NO3Si2,HMDB00725,,ZA_untested,276.14457,,,,4-Hydroxyproline,C5H9NO3,0,2,
Ureidopropionic acid_2TMS,C10H24N2O3Si2,HMDB00026,,ZA_untested,277.13982,,,,Ureidopropionic acid,C4H8N2O3,0,2,
L-Dihydroorotic acid_2MOX_1TMS,C10H20N4O4Si,HMDB03349,,ZA_untested,289.13266,,,,L-Dihydroorotic acid,C5H6N2O4,2,1,
L-Glutamic gamma-semialdehyde_1MOX_2TMS,C12H28N2O3Si2,HMDB02104,,ZA_untested,305.17112,,,,L-Glutamic gamma-semialdehyde,C5H9NO3,1,2,
Dihydrouracil_2MOX_2TMS,C12H28N4O2Si2,HMDB00076,,ZA_untested,317.18236,,,,Dihydrouracil,C4H6N2O2,2,2,
Ureidosuccinic acid_2TMS,C11H24N2O5Si2,HMDB00828,,ZA_untested,321.12965,,,,Ureidosuccinic acid,C5H8N2O5,0,2,
4-Hydroxyproline_3TMS,C14H33NO3Si3,HMDB00725,,ZA_untested,348.1841,,,,4-Hydroxyproline,C5H9NO3,0,3,
Mevalonic acid_3TMS,C15H36O4Si3,HMDB00227,,ZA_untested,365.19942,,,,Mevalonic acid,C6H12O4,0,3,
Gentisic acid_3TMS,C16H30O4Si3,,16.94,ZA_untested,371.15247,,,,Gentisic acid,C7H6O4,0,3,
Thymidine_2TMS,C16H30N2O5Si2,,,ZA_untested,387.1766,,,,Thymidine,C10H14N2O5,0,2,
Ureidosuccinic acid_3TMS,C14H32N2O5Si3,HMDB00828,,ZA_untested,393.16918,,,,Ureidosuccinic acid,C5H8N2O5,0,3,
Thymidine_1MOX_2TMS,C17H33N3O5Si2,,,ZA_untested,416.20315,,,,Thymidine,C10H14N2O5,1,2,
Deoxycytidine_3TMS,C18H37N3O4Si3,,,ZA_untested,444.21646,,,,Deoxycytidine,C9H13N3O4,0,3,
Cholesterol_1TMS,C30H54OSi,HMDB00067,,ZA_untested,459.40167,,,,Cholesterol,C27H46O,0,1,
Uridine_3TMS,C18H36N2O6Si3,HMDB00296,,ZA_untested,461.19539,,,,Uridine,C9H12N2O6,0,3,
Deoxyadenosine_3TMS,C19H37N5O3Si3,,,ZA_untested,468.2277,,,,Deoxyadenosine,C10H13N5O3,0,3,
Deoxyguanosine_3TMS,C19H37N5O4Si3,,,ZA_untested,484.22261,,,,Deoxyguanosine,C10H13N5O4,0,3,
Cytidine_4TMS,C21H45N3O5Si4,HMDB00089,,ZA_untested,532.2509,,,,Cytidine,C9H13N3O5,0,4,
"Adenosine 2',3'-cyclic phosphate_3TMS",C19H36N5O6PSi3,HMDB11616,,ZA_untested,546.17838,,,,"Adenosine 2',3'-cyclic phosphate",C10H12N5O6P,0,3,
Adenosine_4TMS,C22H45N5O4Si4,,,ZA_untested,556.26214,,,,Adenosine,C10H13N5O4,0,4,
Guanosine_4TMS,C22H45N5O5Si4,,,ZA_untested,572.25705,,,,Guanosine,C10H13N5O5,0,4,
6-phosphogluconolactone_5TMS,C21H51O9PSi5,,,ZA_untested,619.21898,,,,6-phosphogluconolactone,C6H11O9P,0,5,
AICAR_4TMS,C21H47N4O8PSi4,HMDB01517,,ZA_untested,627.22813,,,,AICAR,C9H15N4O8P,0,4,
Inosinic acid_4TMS,C22H45N4O8PSi4,HMDB00175,,ZA_untested,637.21248,,,,Inosinic acid,C10H13N4O8P,0,4,
Xanthylic acid_4TMS,C22H45N4O9PSi4,HMDB01554,,ZA_untested,653.2074,,,,Xanthylic acid,C10H13N4O9P,0,4,
Inosinic acid_1MOX_4TMS,C23H48N5O8PSi4,HMDB00175,,ZA_untested,666.23903,,,,Inosinic acid,C10H13N4O8P,1,4,
Xanthylic acid_1MOX_4TMS,C23H48N5O9PSi4,HMDB01554,,ZA_untested,682.23395,,,,Xanthylic acid,C10H13N4O9P,1,4,
AICAR_5TMS,C24H55N4O8PSi5,HMDB01517,,ZA_untested,699.26766,,,,AICAR,C9H15N4O8P,0,5,
SAICAR_7TMS,C34H75N4O12PSi7,HMDB00797,,ZA_untested,959.35767,,,,SAICAR,C13H19N4O12P,0,7,
cAMP_3TMS,C19H36N5O6PSi3,HMDB00058,,ZZ_notfound_likelyimpossible,546.17838,,,,cAMP,C10H12N5O6P,0,3,
S-Adenosylhomocysteine_5TMS,C29H60N6O5SSi5,HMDB00939,,ZZ_notfound_likelyimpossible,745.3265,20221230 mix not found check pure or lower mass,,,S-Adenosylhomocysteine,C14H20N6O5S,0,5,
S-Adenosylmethionine_5TMS,C30H62N6O5SSi5,HMDB01185,,ZZ_notfound_likelyimpossible,759.34215,20221230 mix not found check pure or lower mass,,,S-Adenosylmethionine,C15H22N6O5S,0,5,
L-Acetylcarnitine_1TMS,C12H25NO4Si,HMDB00201,,ZZ_notfound_singlestd,276.16256,20240229,,,L-Acetylcarnitine,C9H17NO4,0,1,
Propionylcarnitine_1TMS,C13H27NO4Si,HMDB00824,,ZZ_notfound_singlestd,290.17821,20240229,,,Propionylcarnitine,C10H19NO4,0,1,
L-Carnitine_2TMS,C13H31NO3Si2,HMDB00062,,ZZ_notfound_singlestd,306.19152,20240229,,,L-Carnitine,C7H15NO3,0,2,
Palmitoylcarnitine_1TMS,C26H53NO4Si,HMDB00222,,ZZ_notfound_singlestd,472.38166,20240229,Maybe at end chromatogram tiny peak,,Palmitoylcarnitine,C23H45NO4,0,1,
(S)-a-Acetolactic Acid_1MOX_2TMS,C12H27NO4Si2,,11.41,Sasha,306.15514,,,,(S)-a-Acetolactic Acid,C5H8O4,1,2,
"2,3-dihydroxyisovalerate_3TMS",C14H34O4Si3,,12.46,Sasha,351.18377,,,,"2,3-dihydroxyisovalerate",C5H10O4,0,3,
2-isopropylmalic acid_3TMS,C16H36O5Si3,,14.75,Sasha,393.19433,,,,2-isopropylmalic acid,C7H12O5,0,3,
3-isopropylmalic acid_3TMS,C16H36O5Si3,,14.79,Sasha,393.19433,,,,3-isopropylmalic acid,C7H12O5,0,3,
"2,3-dihydroxy-3-methylvalerate_3TMS",C15H36O4Si3,,13.36,Sasha,365.19942,,,,"2,3-dihydroxy-3-methylvalerate",C6H12O4,0,3,
3-ethylmalate_3TMS,C15H34O5Si3,,14.25,Sasha,379.17868,,,,3-ethylmalate,C6H10O5,0,3,
a-Ketobutyric acid_1MOX_1TMS,C8H17NO3Si,HMDB00005,,Sasha,204.10505,,,,a-Ketobutyric acid,C4H6O3,1,1,
p-Cresol_1TMS,C10H16OSi,,,ZZ_notfound_singlestd,181.10432,,,,p-Cresol,C7H8O,0,1,
